event,method,day,rolling_ll,z
COVID,gaussian,0,28.69546280706913,1.3237865870293752
COVID,gaussian,1,73.43635942798986,6.254139162280593
COVID,gaussian,2,37.87306042302253,2.3351385146364105
COVID,gaussian,3,29.696360954847687,1.4340834548430768
COVID,gaussian,4,35.91215990138847,2.1190514071614737
COVID,gaussian,5,58.4169539691145,4.599032314281434
COVID,gaussian,6,25.45360106096296,0.9665402505523115
COVID,gaussian,7,61.52161472445439,4.941159390546012
COVID,gaussian,8,96.22763350804962,8.765689563381304
COVID,gaussian,9,112.87155010666976,10.599814117467735
COVID,gaussian,10,107.29098317466841,9.984847395238724
COVID,gaussian,11,126.11001707426774,12.058665294704864
COVID,gaussian,12,148.7759103565666,14.556398995966832
COVID,gaussian,13,143.22788866159277,13.945018690312132
COVID,gaussian,14,117.77558629846118,11.140228577021013
COVID,gaussian,15,123.44734403763812,11.765244334136534
COVID,t,0,52.50516062992459,3.774591583374151
COVID,t,1,105.13107380460968,9.390578118157363
COVID,t,2,96.92946550805756,8.515341585840819
COVID,t,3,84.02150836965644,7.137865944891938
COVID,t,4,75.35050477819516,6.212537784769329
COVID,t,5,96.95763939092122,8.518348168287561
COVID,t,6,65.21725412909862,5.131165590618326
COVID,t,7,80.15282340744972,6.725018331531709
COVID,t,8,121.62438650822497,11.150665810127881
COVID,t,9,135.35485987115635,12.61591646081901
COVID,t,10,175.2592954949348,16.8743275671001
COVID,t,11,213.61082202314606,20.96701961893934
COVID,t,12,231.20524646120242,22.844612705132402
COVID,t,13,231.95514255065493,22.92463804031039
COVID,t,14,219.38637887446458,21.58335950838153
COVID,t,15,214.34305369359416,21.045159891544746
COVID,mps_chi2,0,-59.972447723478304,1.0473388275447715
COVID,mps_chi2,1,-44.397773787461816,1.8756715661731638
COVID,mps_chi2,2,-55.59548479218279,1.2801258320528275
COVID,mps_chi2,3,-59.412478950141335,1.0771205404377755
COVID,mps_chi2,4,-53.9105767203202,1.369736986882563
COVID,mps_chi2,5,-36.9010801545246,2.274380187177988
COVID,mps_chi2,6,-33.50171774736413,2.4551739029168504
COVID,mps_chi2,7,-17.927043811347644,3.2835066415452427
COVID,mps_chi2,8,-14.932735520208832,3.4427577178301236
COVID,mps_chi2,9,-15.448790971628455,3.4153115172152906
COVID,mps_chi2,10,-24.676488236328936,2.9245401676573897
COVID,mps_chi2,11,-28.97652483034195,2.695844459307163
COVID,mps_chi2,12,-26.093217874601113,2.8491919744311915
COVID,mps_chi2,13,-29.570568601794392,2.6642504814111354
COVID,mps_chi2,14,-34.38438276961349,2.4082297204463248
COVID,mps_chi2,15,-34.21201980051974,2.4173967752953756
COVID,mps_chi4,0,-61.46479628199443,0.5246940487389395
COVID,mps_chi4,1,-46.16207574615785,1.429174385130764
COVID,mps_chi4,2,-54.93807581962846,0.9104614229461333
COVID,mps_chi4,3,-73.63137784741802,-0.19442212156961672
COVID,mps_chi4,4,-67.68130971692766,0.1572617252089383
COVID,mps_chi4,5,-51.08948735984741,1.137935523161488
COVID,mps_chi4,6,-47.69890586789442,1.338338731285414
COVID,mps_chi4,7,-34.33518223623612,2.1282130034779487
COVID,mps_chi4,8,-16.454447376384884,3.1850690731615816
COVID,mps_chi4,9,-16.97137586320439,3.1545155744843965
COVID,mps_chi4,10,-21.84672343130978,2.866354002292033
COVID,mps_chi4,11,-27.539547911896793,2.5298747606328336
COVID,mps_chi4,12,-24.66589490676331,2.6997244700795737
COVID,mps_chi4,13,-29.546152219411997,2.411272703252491
COVID,mps_chi4,14,-47.722525760382055,1.3369426574139265
COVID,mps_chi4,15,-44.12417043728128,1.5496265148674846
COVID,mps_chi8,0,-64.37521953553909,-0.4891088623068064
COVID,mps_chi8,1,-60.41156437252543,-0.23567288908783313
COVID,mps_chi8,2,-54.851162865653045,0.11985898980321517
COVID,mps_chi8,3,-72.89274967572118,-1.033719443126788
COVID,mps_chi8,4,-68.33491200154765,-0.7422914608171448
COVID,mps_chi8,5,-52.41527022306928,0.2756098806200576
COVID,mps_chi8,6,-46.05311227924501,0.6824060381949716
COVID,mps_chi8,7,-39.93408491987353,1.073656434659013
COVID,mps_chi8,8,-22.615814036421842,2.1809860724068826
COVID,mps_chi8,9,-23.09299392930499,2.150475206658053
COVID,mps_chi8,10,-26.48828036516831,1.9333807100782971
COVID,mps_chi8,11,-31.744213001215925,1.5973165601946557
COVID,mps_chi8,12,-25.859234950274807,1.97360185202074
COVID,mps_chi8,13,-30.391851659705964,1.683786497319232
COVID,mps_chi8,14,-34.46731262064812,1.4232016652706754
COVID,mps_chi8,15,-32.080151615446404,1.5758366568887885
TerraLuna,gaussian,0,14.988915362031232,0.1732239196011503
TerraLuna,gaussian,1,11.145076157779053,-0.2865821749232523
TerraLuna,gaussian,2,13.906769580014888,0.04377593822238851
TerraLuna,gaussian,3,14.443144993855505,0.10793800930073524
TerraLuna,gaussian,4,20.922761765250325,0.8830399642352702
TerraLuna,gaussian,5,31.230865199793687,2.1161115185676476
TerraLuna,gaussian,6,23.996861524928477,1.2507686150883983
TerraLuna,gaussian,7,20.60140334549305,0.8445985643536971
TerraLuna,gaussian,8,19.578029605542806,0.7221809871343347
TerraLuna,gaussian,9,20.574229514699436,0.841347987951683
TerraLuna,gaussian,10,9.948767136165682,-0.42968654267720213
TerraLuna,gaussian,11,12.66343921735452,-0.10495319634339925
TerraLuna,gaussian,12,14.496969854614404,0.11437662384696579
TerraLuna,gaussian,13,13.809588124646842,0.03215093960029543
TerraLuna,gaussian,14,16.752723753912115,0.38421345507988475
TerraLuna,gaussian,15,13.943977923655213,0.04822685884207872
TerraLuna,t,0,18.792336094042156,0.2640145957937098
TerraLuna,t,1,11.294784538207903,-0.6474251749012355
TerraLuna,t,2,14.970147862114281,-0.2006296737012307
TerraLuna,t,3,15.418233818266337,-0.14615810947316554
TerraLuna,t,4,21.0132174453448,0.5339960123265274
TerraLuna,t,5,19.80665839550474,0.38732067498117845
TerraLuna,t,6,15.579602051887889,-0.12654138196496634
TerraLuna,t,7,10.445917216613564,-0.7506177213189158
TerraLuna,t,8,11.068264602931336,-0.6749620682895379
TerraLuna,t,9,12.98178839248409,-0.44234457029952606
TerraLuna,t,10,18.9000505946022,0.2771089078447647
TerraLuna,t,11,19.47931630385719,0.3475273372857699
TerraLuna,t,12,15.676695659171122,-0.11473819868584477
TerraLuna,t,13,14.349248774292116,-0.2761092643402531
TerraLuna,t,14,14.848467084099235,-0.21542179611427564
TerraLuna,t,15,13.21341705090866,-0.4141866350391025
TerraLuna,mps_chi2,0,-73.10818216984457,-0.5934540707429049
TerraLuna,mps_chi2,1,-70.14835055619015,-0.4118632951536749
TerraLuna,mps_chi2,2,-53.052441406384375,0.637000223836603
TerraLuna,mps_chi2,3,-56.5177466789648,0.42439776726496414
TerraLuna,mps_chi2,4,-56.517746678964805,0.4243977672649637
TerraLuna,mps_chi2,5,-42.25717299929516,1.2993085638427737
TerraLuna,mps_chi2,6,-57.068538615499044,0.390605731771412
TerraLuna,mps_chi2,7,-74.16444776530483,-0.6582577872188664
TerraLuna,mps_chi2,8,-67.03152674655047,-0.22064077750894925
TerraLuna,mps_chi2,9,-49.9356175967447,0.8282227414813282
TerraLuna,mps_chi2,10,-64.19619127641434,-0.046688055096481315
TerraLuna,mps_chi2,11,-61.48353534840409,0.11973806576852063
TerraLuna,mps_chi2,12,-61.48353534840409,0.11973806576852063
TerraLuna,mps_chi2,13,-80.39841452982522,-1.0407224026194213
TerraLuna,mps_chi2,14,-97.494323679631,-2.0895859216096992
TerraLuna,mps_chi2,15,-78.57944449820987,-0.9291254532217573
TerraLuna,mps_chi4,0,-48.201631965362566,0.025904039134153154
TerraLuna,mps_chi4,1,-46.58177374109684,0.12720069845870074
TerraLuna,mps_chi4,2,-37.28376378361721,0.7086450081827843
TerraLuna,mps_chi4,3,-40.55328688462603,0.5041877521369618
TerraLuna,mps_chi4,4,-27.50600777573018,1.3200898892546749
TerraLuna,mps_chi4,5,-28.14075655801218,1.280396334477906
TerraLuna,mps_chi4,6,-36.620426387144974,0.7501263312153226
TerraLuna,mps_chi4,7,-53.93626488381509,-0.3327070716345934
TerraLuna,mps_chi4,8,-49.35594138745021,-0.046279863464686974
TerraLuna,mps_chi4,9,-45.087381999675955,0.22065140226751528
TerraLuna,mps_chi4,10,-47.50421816058625,0.06951630564759233
TerraLuna,mps_chi4,11,-56.677362791356984,-0.5041196414237581
TerraLuna,mps_chi4,12,-42.3046575486971,0.3946670577627169
TerraLuna,mps_chi4,13,-60.782741606890994,-0.7608465284103467
TerraLuna,mps_chi4,14,-68.1129160363002,-1.2192336704714715
TerraLuna,mps_chi4,15,-60.77987581661737,-0.7606673182938721
TerraLuna,mps_chi8,0,-59.15803986334869,-1.1275566813452638
TerraLuna,mps_chi8,1,-57.218890362813035,-0.996575505094628
TerraLuna,mps_chi8,2,-51.87059465018229,-0.6353212216146287
TerraLuna,mps_chi8,3,-55.73278811038909,-0.8961957143681065
TerraLuna,mps_chi8,4,-42.21066120379082,0.017165574767859532
TerraLuna,mps_chi8,5,-32.382439568157835,0.6810195117291707
TerraLuna,mps_chi8,6,-49.92814413092847,-0.5041170758021254
TerraLuna,mps_chi8,7,-67.1385049344419,-1.666602640282498
TerraLuna,mps_chi8,8,-61.89415026990244,-1.3123691258231234
TerraLuna,mps_chi8,9,-58.205916372987275,-1.0632448504787162
TerraLuna,mps_chi8,10,-68.03413800862026,-1.7270987874400274
TerraLuna,mps_chi8,11,-58.67560075019942,-1.094970002240765
TerraLuna,mps_chi8,12,-44.79097755233544,-0.1571236537510147
TerraLuna,mps_chi8,13,-63.1628079249338,-1.398061472838905
TerraLuna,mps_chi8,14,-66.61761495022863,-1.6314187708538734
TerraLuna,mps_chi8,15,-48.24578457763027,-0.39048095176598313
SVB,gaussian,0,-81.68022447330348,-14.855909015521698
SVB,gaussian,1,-84.18215167313842,-15.221280016201849
SVB,gaussian,2,-54.11792511409928,-10.830825912151331
SVB,gaussian,3,-62.265928263558166,-12.020726267549055
SVB,gaussian,4,10.295311965380382,-1.424185746790006
SVB,gaussian,5,3.4998484273356736,-2.4165668652912484
SVB,gaussian,6,5.038028434222216,-2.191937480239831
SVB,gaussian,7,-0.08061693255185887,-2.939443075090252
SVB,gaussian,8,3.9857640216753025,-2.3456057809872477
SVB,gaussian,9,3.1721936770651133,-2.4644161967953218
SVB,gaussian,10,8.591913818907605,-1.6729428990263038
SVB,gaussian,11,11.784193497226898,-1.2067557051721494
SVB,gaussian,12,16.697544895489948,-0.4892303842135586
SVB,gaussian,13,19.134638983973893,-0.13332734038406313
SVB,gaussian,14,19.546601026898088,-0.07316612391246359
SVB,gaussian,15,18.070757879640976,-0.28869209429075854
SVB,t,0,-21.323457247354106,-5.835599863076924
SVB,t,1,-23.046795043970416,-6.078581639802564
SVB,t,2,-4.785359800973123,-3.5038130775300327
SVB,t,3,-11.111365134627246,-4.395747333579647
SVB,t,4,12.57019069014321,-1.0567696118420975
SVB,t,5,7.000049073004372,-1.8421309666520709
SVB,t,6,8.356639014266271,-1.6508587535878925
SVB,t,7,3.3822877633271116,-2.3522167272734813
SVB,t,8,5.701396620336558,-2.025234291443008
SVB,t,9,4.7056947812241425,-2.1656231359467113
SVB,t,10,9.119989882973956,-1.543230202349804
SVB,t,11,11.704856265762539,-1.1787773205517365
SVB,t,12,16.897837955687102,-0.4465935780497934
SVB,t,13,19.476726806327996,-0.08298349757862306
SVB,t,14,19.59671807554638,-0.06606534500082113
SVB,t,15,17.592060838011705,-0.3487117177888346
SVB,mps_chi2,0,-67.47156936985022,0.20794164265202708
SVB,mps_chi2,1,-67.25633770148889,0.22466481262504817
SVB,mps_chi2,2,-65.99119446596897,0.3229644983957273
SVB,mps_chi2,3,-63.886034226890374,0.48653221483165543
SVB,mps_chi2,4,-57.37300771534254,0.992584368869495
SVB,mps_chi2,5,-61.02154665999315,0.7090984980907197
SVB,mps_chi2,6,-51.02387180707433,1.4859024748163026
SVB,mps_chi2,7,-66.169323716043,0.3091241293234876
SVB,mps_chi2,8,-74.91056865447328,-0.3700571732893504
SVB,mps_chi2,9,-80.41252784946853,-0.7975509501255135
SVB,mps_chi2,10,-90.76961107042236,-1.6022804048912764
SVB,mps_chi2,11,-89.17677939905955,-1.4785198310806722
SVB,mps_chi2,12,-89.17677939905957,-1.4785198310806733
SVB,mps_chi2,13,-76.97445542232416,-0.530418004418981
SVB,mps_chi2,14,-76.28909934287496,-0.4771668899527252
SVB,mps_chi2,15,-71.89809129942454,-0.13599231084641578
SVB,mps_chi4,0,-84.49638445247054,-1.2179116140229929
SVB,mps_chi4,1,-84.49638445247054,-1.2179116140229929
SVB,mps_chi4,2,-68.17798446823801,0.036205744259770356
SVB,mps_chi4,3,-71.82027841750254,-0.24371533073254317
SVB,mps_chi4,4,-65.98215453871038,0.204961776292217
SVB,mps_chi4,5,-70.62378230175732,-0.15176106136030887
SVB,mps_chi4,6,-65.1293939565223,0.2704989520946687
SVB,mps_chi4,7,-81.44779394075485,-0.9836184061880957
SVB,mps_chi4,8,-79.5683046841506,-0.8391740915683491
SVB,mps_chi4,9,-85.40642856294278,-1.2878511985931105
SVB,mps_chi4,10,-96.24245158289281,-2.1206316536133203
SVB,mps_chi4,11,-88.43629194787219,-1.520705171282643
SVB,mps_chi4,12,-86.71817845604713,-1.3886630620268583
SVB,mps_chi4,13,-75.13549950236958,-0.4984998876188854
SVB,mps_chi4,14,-74.95378444804359,-0.484534547627727
SVB,mps_chi4,15,-74.74048171135195,-0.46814160071426214
SVB,mps_chi8,0,-58.62556233801635,-0.6151822809621876
SVB,mps_chi8,1,-67.77758153415252,-1.3704678020083332
SVB,mps_chi8,2,-64.17764883309967,-1.073377401783466
SVB,mps_chi8,3,-72.75864957807657,-1.7815386807177873
SVB,mps_chi8,4,-63.22096679864216,-0.9944256345957638
SVB,mps_chi8,5,-67.55769144634742,-1.3523210088273407
SVB,mps_chi8,6,-57.14301169357465,-0.4928323369807339
SVB,mps_chi8,7,-72.59734267170947,-1.7682265614779964
SVB,mps_chi8,8,-72.59734267170947,-1.7682265614779964
SVB,mps_chi8,9,-82.13502545114389,-2.5553396076000205
SVB,mps_chi8,10,-93.20164943195928,-3.468631055142081
SVB,mps_chi8,11,-91.10759425925608,-3.2958156885744225
SVB,mps_chi8,12,-82.13872305111732,-2.5556447581534347
SVB,mps_chi8,13,-71.08579715674922,-1.6434837678512415
SVB,mps_chi8,14,-71.08579715674921,-1.6434837678512402
SVB,mps_chi8,15,-71.08579715674921,-1.6434837678512402
Q-NC-2,gaussian,0,13.921047187266897,-0.0811683898483129
Q-NC-2,gaussian,1,14.561733411493393,0.026539563430827355
Q-NC-2,gaussian,2,13.011259995825178,-0.2341158274618973
Q-NC-2,gaussian,3,11.256610195131211,-0.5290960090360634
Q-NC-2,gaussian,4,11.350142754293884,-0.5133719304911651
Q-NC-2,gaussian,5,11.61090264463308,-0.46953469312955937
Q-NC-2,gaussian,6,11.057163891860244,-0.5626256094896112
Q-NC-2,gaussian,7,9.770165315027281,-0.7789873437397918
Q-NC-2,gaussian,8,14.422505298955892,0.0031334490595737873
Q-NC-2,gaussian,9,14.5590293893444,0.026084981015478632
Q-NC-2,gaussian,10,14.621654899291299,0.0366131697674478
Q-NC-2,gaussian,11,15.6828454337209,0.2150135414011641
Q-NC-2,gaussian,12,18.13817600722848,0.6277875650903446
Q-NC-2,gaussian,13,15.350221189100054,0.15909494155553044
Q-NC-2,gaussian,14,16.25035377368561,0.31041931017703916
Q-NC-2,gaussian,15,16.184780190471358,0.29939551074118664
Q-NC-2,t,0,14.059843002498868,-0.13408596134428513
Q-NC-2,t,1,14.690529042254006,-0.03083376462293598
Q-NC-2,t,2,12.850530020785905,-0.3320675464987403
Q-NC-2,t,3,10.624175587207128,-0.696553156544227
Q-NC-2,t,4,11.065613399438032,-0.6242835628706406
Q-NC-2,t,5,11.455414014081384,-0.5604677064726072
Q-NC-2,t,6,10.977851075094115,-0.6386514927227094
Q-NC-2,t,7,9.520573838641136,-0.8772283224147148
Q-NC-2,t,8,14.946090212047231,0.011005202017379895
Q-NC-2,t,9,14.650765556731612,-0.03734360782650333
Q-NC-2,t,10,15.843074833485085,0.15785423109163027
Q-NC-2,t,11,16.703400373804335,0.2987016517320686
Q-NC-2,t,12,19.776321789349367,0.8017822124343277
Q-NC-2,t,13,16.936106730571748,0.33679896325110253
Q-NC-2,t,14,18.425655063547396,0.5806590264325727
Q-NC-2,t,15,17.500259243911863,0.4291586836451871
Q-NC-2,mps_chi2,0,-79.51923744262979,0.06899819202982607
Q-NC-2,mps_chi2,1,-79.51923744262979,0.06899819202982607
Q-NC-2,mps_chi2,2,-89.30503890271996,-0.44553599348285433
Q-NC-2,mps_chi2,3,-103.61632918473205,-1.1980188758427812
Q-NC-2,mps_chi2,4,-103.61632918473205,-1.1980188758427812
Q-NC-2,mps_chi2,5,-103.61632918473205,-1.1980188758427812
Q-NC-2,mps_chi2,6,-103.61632918473205,-1.1980188758427812
Q-NC-2,mps_chi2,7,-103.61632918473205,-1.1980188758427812
Q-NC-2,mps_chi2,8,-86.9408152486022,-0.3212259002112419
Q-NC-2,mps_chi2,9,-86.9408152486022,-0.3212259002112419
Q-NC-2,mps_chi2,10,-82.87781658000989,-0.10759478177814953
Q-NC-2,mps_chi2,11,-76.17644986746919,0.24476085074938267
Q-NC-2,mps_chi2,12,-76.17644986746919,0.24476085074938267
Q-NC-2,mps_chi2,13,-92.85196380359903,-0.6320321248821567
Q-NC-2,mps_chi2,14,-92.40252718337635,-0.608400896896491
Q-NC-2,mps_chi2,15,-89.05085821259982,-0.43217125734985595
Q-NC-2,mps_chi4,0,-75.35048430179734,0.2763394627892839
Q-NC-2,mps_chi4,1,-81.36343802455032,-0.04456058016190421
Q-NC-2,mps_chi4,2,-94.84450555194803,-0.7640198256571672
Q-NC-2,mps_chi4,3,-103.61632918473205,-1.2321555722984816
Q-NC-2,mps_chi4,4,-100.53429111930862,-1.0676729913284824
Q-NC-2,mps_chi4,5,-100.53429111930862,-1.0676729913284824
Q-NC-2,mps_chi4,6,-100.53429111930862,-1.0676729913284824
Q-NC-2,mps_chi4,7,-100.53429111930862,-1.0676729913284824
Q-NC-2,mps_chi4,8,-86.39653743744918,-0.31316763956188487
Q-NC-2,mps_chi4,9,-89.47857550287262,-0.47765022053188416
Q-NC-2,mps_chi4,10,-89.47857550287262,-0.47765022053188416
Q-NC-2,mps_chi4,11,-89.47857550287262,-0.47765022053188416
Q-NC-2,mps_chi4,12,-89.47857550287262,-0.47765022053188416
Q-NC-2,mps_chi4,13,-103.61632918473205,-1.2321555722984816
Q-NC-2,mps_chi4,14,-103.61632918473205,-1.2321555722984816
Q-NC-2,mps_chi4,15,-93.08509296546104,-0.670123281528429
Q-NC-2,mps_chi8,0,-80.16963338710936,-0.5912086672868905
Q-NC-2,mps_chi8,1,-91.54739387379482,-1.2124702768762667
Q-NC-2,mps_chi8,2,-103.61632918473205,-1.8714722119299385
Q-NC-2,mps_chi8,3,-103.61632918473205,-1.8714722119299385
Q-NC-2,mps_chi8,4,-100.11391451735113,-1.6802293239949342
Q-NC-2,mps_chi8,5,-100.11391451735113,-1.6802293239949342
Q-NC-2,mps_chi8,6,-100.11391451735113,-1.6802293239949342
Q-NC-2,mps_chi8,7,-100.11391451735113,-1.6802293239949342
Q-NC-2,mps_chi8,8,-100.11391451735113,-1.6802293239949342
Q-NC-2,mps_chi8,9,-103.61632918473205,-1.8714722119299385
Q-NC-2,mps_chi8,10,-103.61632918473205,-1.8714722119299385
Q-NC-2,mps_chi8,11,-103.61632918473205,-1.8714722119299385
Q-NC-2,mps_chi8,12,-89.68471806108246,-1.110762302367305
Q-NC-2,mps_chi8,13,-89.68471806108246,-1.110762302367305
Q-NC-2,mps_chi8,14,-81.73997944883817,-0.6769545153440408
Q-NC-2,mps_chi8,15,-71.24341151996946,-0.10380879881358886
Q-NC-3,gaussian,0,11.304612579240505,-1.1310900660467755
Q-NC-3,gaussian,1,11.867062453434745,-1.0346266180806858
Q-NC-3,gaussian,2,11.300988995287309,-1.1317115319198379
Q-NC-3,gaussian,3,28.10911143768797,1.7509799202792404
Q-NC-3,gaussian,4,28.78095340962764,1.8662047537712574
Q-NC-3,gaussian,5,29.43232411572934,1.977918645261928
Q-NC-3,gaussian,6,32.32963761956201,2.4748248821400125
Q-NC-3,gaussian,7,28.387712720404362,1.7987616721679738
Q-NC-3,gaussian,8,14.961912338249657,-0.5038417347977309
Q-NC-3,gaussian,9,15.622441647966994,-0.3905570891405943
Q-NC-3,gaussian,10,14.992256008340643,-0.4986376176395303
Q-NC-3,gaussian,11,15.579878018987971,-0.3978570008263208
Q-NC-3,gaussian,12,16.35899739516816,-0.26423346413125354
Q-NC-3,gaussian,13,16.890363934050928,-0.17310099024125572
Q-NC-3,gaussian,14,20.051147550802657,0.36899191427471795
Q-NC-3,gaussian,15,18.042142708114206,0.024435816037645018
Q-NC-3,t,0,11.472135241198206,-1.0862240100590772
Q-NC-3,t,1,11.827553946563246,-1.0274527448632904
Q-NC-3,t,2,10.939154444120845,-1.1743565570985575
Q-NC-3,t,3,29.64889553538982,1.9194455946202764
Q-NC-3,t,4,30.01636702204032,1.9802098815523481
Q-NC-3,t,5,30.798395793547442,2.1095244607436023
Q-NC-3,t,6,33.96241655276658,2.632720061644956
Q-NC-3,t,7,29.864365218323112,1.955075193417893
Q-NC-3,t,8,14.626422420192245,-0.5646379328436705
Q-NC-3,t,9,15.419964022674012,-0.43341961692682585
Q-NC-3,t,10,14.811099467319991,-0.534100137425244
Q-NC-3,t,11,15.37720893991045,-0.4404895045541086
Q-NC-3,t,12,16.44684029856409,-0.26361758618785996
Q-NC-3,t,13,17.169407808222445,-0.1441353921137614
Q-NC-3,t,14,20.421853910688007,0.3936820314984333
Q-NC-3,t,15,18.261145637949397,0.03639200429677921
Q-NC-3,mps_chi2,0,-47.81998859533732,1.340538942364458
Q-NC-3,mps_chi2,1,-47.523594999961766,1.3600666471697662
Q-NC-3,mps_chi2,2,-47.56194445104359,1.3575400178098351
Q-NC-3,mps_chi2,3,-45.54725299783493,1.490276691563484
Q-NC-3,mps_chi2,4,-52.44937986395101,1.0355344229273444
Q-NC-3,mps_chi2,5,-56.4488559478389,0.7720314675308453
Q-NC-3,mps_chi2,6,-54.807693843842486,0.880158396062796
Q-NC-3,mps_chi2,7,-66.91125328984455,0.08272302754362333
Q-NC-3,mps_chi2,8,-77.79762171620123,-0.6345184795218631
Q-NC-3,mps_chi2,9,-79.41118708843382,-0.740827214813867
Q-NC-3,mps_chi2,10,-90.37636307945944,-1.4632609084963764
Q-NC-3,mps_chi2,11,-77.37669057360579,-0.6067856970858936
Q-NC-3,mps_chi2,12,-79.77740746684664,-0.7649554131113787
Q-NC-3,mps_chi2,13,-83.2487554952859,-0.9936629851827603
Q-NC-3,mps_chi2,14,-70.27431526353627,-0.13885018621288883
Q-NC-3,mps_chi2,15,-70.27431526353627,-0.13885018621288883
Q-NC-3,mps_chi4,0,-41.534444647436295,1.6467785969741935
Q-NC-3,mps_chi4,1,-38.85367817579723,1.8555351943656742
Q-NC-3,mps_chi4,2,-38.86774255922902,1.8544399729576582
Q-NC-3,mps_chi4,3,-39.51284986817319,1.8042041884563622
Q-NC-3,mps_chi4,4,-50.102138072612824,0.9795953320926194
Q-NC-3,mps_chi4,5,-54.87391129785386,0.6080078952294479
Q-NC-3,mps_chi4,6,-53.18456536495599,0.7395606106561188
Q-NC-3,mps_chi4,7,-65.8546942033364,-0.24708742929597033
Q-NC-3,mps_chi4,8,-70.55016662034032,-0.6127331710229521
Q-NC-3,mps_chi4,9,-61.559445049344795,0.08739213385213436
Q-NC-3,mps_chi4,10,-70.0751376452738,-0.5757417234103527
Q-NC-3,mps_chi4,11,-83.79854960665529,-1.644411007351345
Q-NC-3,mps_chi4,12,-87.58396760001024,-1.939189007731999
Q-NC-3,mps_chi4,13,-88.90482256942721,-2.0420466016254815
Q-NC-3,mps_chi4,14,-81.4230634957909,-1.4594271966012913
Q-NC-3,mps_chi4,15,-74.3107177412627,-0.9055747387707344
Q-NC-3,mps_chi8,0,-67.05725113071583,-1.080938922506633
Q-NC-3,mps_chi8,1,-54.88213166920242,-0.07128839960219595
Q-NC-3,mps_chi8,2,-54.691909588320726,-0.05551378449165957
Q-NC-3,mps_chi8,3,-56.155283786468765,-0.17686754443097855
Q-NC-3,mps_chi8,4,-64.26895849334016,-0.8497131732861821
Q-NC-3,mps_chi8,5,-54.638421989513844,-0.05107819909350544
Q-NC-3,mps_chi8,6,-53.710153518209,0.025900655234067694
Q-NC-3,mps_chi8,7,-69.93665434505493,-1.319720231404675
Q-NC-3,mps_chi8,8,-80.88240474808748,-2.227422422987898
Q-NC-3,mps_chi8,9,-80.88240474808748,-2.227422422987898
Q-NC-3,mps_chi8,10,-83.94045120024103,-2.481018144101183
Q-NC-3,mps_chi8,11,-84.85169965790766,-2.5565855736190053
Q-NC-3,mps_chi8,12,-83.74999932988274,-2.4652244731558413
Q-NC-3,mps_chi8,13,-80.30882661505854,-2.1798571022721664
Q-NC-3,mps_chi8,14,-63.6757038120238,-0.8005161283536867
Q-NC-3,mps_chi8,15,-70.24819386369654,-1.3455553814330754
