ts_ns,symbol,price
1546387200000000000,BTC-USD,3943.409423828125
1546473600000000000,BTC-USD,3836.7412109375
1546560000000000000,BTC-USD,3857.717529296875
1546646400000000000,BTC-USD,3845.194580078125
1546732800000000000,BTC-USD,4076.632568359375
1546819200000000000,BTC-USD,4025.248291015625
1546905600000000000,BTC-USD,4030.847900390625
1546992000000000000,BTC-USD,4035.29638671875
1547078400000000000,BTC-USD,3678.924560546875
1547164800000000000,BTC-USD,3687.365478515625
1547251200000000000,BTC-USD,3661.301025390625
1547337600000000000,BTC-USD,3552.953125
1547424000000000000,BTC-USD,3706.05224609375
1547510400000000000,BTC-USD,3630.67529296875
1547596800000000000,BTC-USD,3655.0068359375
1547683200000000000,BTC-USD,3678.56396484375
1547769600000000000,BTC-USD,3657.83935546875
1547856000000000000,BTC-USD,3728.568359375
1547942400000000000,BTC-USD,3601.013671875
1548115200000000000,BTC-USD,3604.5771484375
1548201600000000000,BTC-USD,3585.123046875
1548288000000000000,BTC-USD,3600.865478515625
1548374400000000000,BTC-USD,3599.765869140625
1548460800000000000,BTC-USD,3602.46044921875
1548547200000000000,BTC-USD,3583.9658203125
1548633600000000000,BTC-USD,3470.450439453125
1548720000000000000,BTC-USD,3448.116943359375
1548806400000000000,BTC-USD,3486.181640625
1548892800000000000,BTC-USD,3457.792724609375
1548979200000000000,BTC-USD,3487.9453125
1549065600000000000,BTC-USD,3521.060791015625
1549152000000000000,BTC-USD,3464.013427734375
1549238400000000000,BTC-USD,3459.154052734375
1549324800000000000,BTC-USD,3466.357421875
1549411200000000000,BTC-USD,3413.767822265625
1549497600000000000,BTC-USD,3399.4716796875
1549584000000000000,BTC-USD,3666.7802734375
1549670400000000000,BTC-USD,3671.20361328125
1549756800000000000,BTC-USD,3690.188232421875
1549843200000000000,BTC-USD,3648.4306640625
1549929600000000000,BTC-USD,3653.528564453125
1550016000000000000,BTC-USD,3632.070556640625
1550102400000000000,BTC-USD,3616.880859375
1550188800000000000,BTC-USD,3620.810791015625
1550275200000000000,BTC-USD,3629.78759765625
1550361600000000000,BTC-USD,3673.836181640625
1550534400000000000,BTC-USD,3947.094482421875
1550620800000000000,BTC-USD,3999.820556640625
1550707200000000000,BTC-USD,3954.1181640625
1550793600000000000,BTC-USD,4005.526611328125
1550880000000000000,BTC-USD,4142.52685546875
1550966400000000000,BTC-USD,3810.427490234375
1551052800000000000,BTC-USD,3882.6962890625
1551139200000000000,BTC-USD,3854.35791015625
1551225600000000000,BTC-USD,3851.04736328125
1551312000000000000,BTC-USD,3854.785400390625
1551398400000000000,BTC-USD,3859.583740234375
1551484800000000000,BTC-USD,3864.4150390625
1551571200000000000,BTC-USD,3847.17578125
1551657600000000000,BTC-USD,3761.55712890625
1551744000000000000,BTC-USD,3896.375
1551830400000000000,BTC-USD,3903.942626953125
1551916800000000000,BTC-USD,3911.484375
1552003200000000000,BTC-USD,3901.131591796875
1552089600000000000,BTC-USD,3963.313720703125
1552176000000000000,BTC-USD,3951.599853515625
1552262400000000000,BTC-USD,3905.227294921875
1552348800000000000,BTC-USD,3909.15625
1552435200000000000,BTC-USD,3906.71728515625
1552521600000000000,BTC-USD,3924.369140625
1552608000000000000,BTC-USD,3960.9111328125
1552694400000000000,BTC-USD,4048.725830078125
1552780800000000000,BTC-USD,4025.22900390625
1552867200000000000,BTC-USD,4032.50732421875
1552953600000000000,BTC-USD,4071.190185546875
1553040000000000000,BTC-USD,4087.476318359375
1553126400000000000,BTC-USD,4029.326904296875
1553212800000000000,BTC-USD,4023.96826171875
1553299200000000000,BTC-USD,4035.826416015625
1553385600000000000,BTC-USD,4022.168212890625
1553472000000000000,BTC-USD,3963.070556640625
1553558400000000000,BTC-USD,3985.080810546875
1553644800000000000,BTC-USD,4087.066162109375
1553731200000000000,BTC-USD,4069.107177734375
1553817600000000000,BTC-USD,4098.37451171875
1553904000000000000,BTC-USD,4106.66015625
1553990400000000000,BTC-USD,4105.404296875
1554076800000000000,BTC-USD,4158.18310546875
1554163200000000000,BTC-USD,4879.8779296875
1554249600000000000,BTC-USD,4973.02197265625
1554336000000000000,BTC-USD,4922.798828125
1554422400000000000,BTC-USD,5036.68115234375
1554508800000000000,BTC-USD,5059.8173828125
1554595200000000000,BTC-USD,5198.89697265625
1554681600000000000,BTC-USD,5289.77099609375
1554768000000000000,BTC-USD,5204.95849609375
1554854400000000000,BTC-USD,5324.5517578125
1554940800000000000,BTC-USD,5064.48779296875
1555027200000000000,BTC-USD,5089.5390625
1555113600000000000,BTC-USD,5096.58642578125
1555200000000000000,BTC-USD,5167.72216796875
1555286400000000000,BTC-USD,5067.1083984375
1555372800000000000,BTC-USD,5235.5595703125
1555459200000000000,BTC-USD,5251.93798828125
1555545600000000000,BTC-USD,5298.3857421875
1555632000000000000,BTC-USD,5303.8125
1555718400000000000,BTC-USD,5337.88623046875
1555891200000000000,BTC-USD,5399.365234375
1555977600000000000,BTC-USD,5572.3623046875
1556064000000000000,BTC-USD,5464.86669921875
1556150400000000000,BTC-USD,5210.515625
1556236800000000000,BTC-USD,5279.34814453125
1556323200000000000,BTC-USD,5268.291015625
1556409600000000000,BTC-USD,5285.13916015625
1556496000000000000,BTC-USD,5247.3525390625
1556582400000000000,BTC-USD,5350.7265625
1556668800000000000,BTC-USD,5402.697265625
1556755200000000000,BTC-USD,5505.28369140625
1556841600000000000,BTC-USD,5768.28955078125
1556928000000000000,BTC-USD,5831.16748046875
1557014400000000000,BTC-USD,5795.70849609375
1557100800000000000,BTC-USD,5746.80712890625
1557187200000000000,BTC-USD,5829.50146484375
1557273600000000000,BTC-USD,5982.45751953125
1557360000000000000,BTC-USD,6174.52880859375
1557446400000000000,BTC-USD,6378.84912109375
1557532800000000000,BTC-USD,7204.771484375
1557619200000000000,BTC-USD,6972.37158203125
1557705600000000000,BTC-USD,7814.9150390625
1557792000000000000,BTC-USD,7994.416015625
1557878400000000000,BTC-USD,8205.16796875
1557964800000000000,BTC-USD,7884.9091796875
1558051200000000000,BTC-USD,7343.8955078125
1558137600000000000,BTC-USD,7271.2080078125
1558224000000000000,BTC-USD,8197.689453125
1558310400000000000,BTC-USD,7978.30908203125
1558396800000000000,BTC-USD,7963.32763671875
1558483200000000000,BTC-USD,7680.06640625
1558569600000000000,BTC-USD,7881.8466796875
1558656000000000000,BTC-USD,7987.37158203125
1558742400000000000,BTC-USD,8052.5439453125
1558828800000000000,BTC-USD,8673.2158203125
1559001600000000000,BTC-USD,8719.9619140625
1559088000000000000,BTC-USD,8659.4873046875
1559174400000000000,BTC-USD,8319.47265625
1559260800000000000,BTC-USD,8574.501953125
1559347200000000000,BTC-USD,8564.0166015625
1559433600000000000,BTC-USD,8742.9580078125
1559520000000000000,BTC-USD,8208.9951171875
1559606400000000000,BTC-USD,7707.77099609375
1559692800000000000,BTC-USD,7824.2314453125
1559779200000000000,BTC-USD,7822.0234375
1559865600000000000,BTC-USD,8043.951171875
1559952000000000000,BTC-USD,7954.1279296875
1560038400000000000,BTC-USD,7688.0771484375
1560124800000000000,BTC-USD,8000.32958984375
1560211200000000000,BTC-USD,7927.71435546875
1560297600000000000,BTC-USD,8145.857421875
1560384000000000000,BTC-USD,8230.923828125
1560470400000000000,BTC-USD,8693.8330078125
1560556800000000000,BTC-USD,8838.375
1560643200000000000,BTC-USD,8994.48828125
1560729600000000000,BTC-USD,9320.3525390625
1560816000000000000,BTC-USD,9081.7626953125
1560902400000000000,BTC-USD,9273.521484375
1560988800000000000,BTC-USD,9527.16015625
1561075200000000000,BTC-USD,10144.556640625
1561161600000000000,BTC-USD,10701.69140625
1561248000000000000,BTC-USD,10855.37109375
1561334400000000000,BTC-USD,11011.1025390625
1561420800000000000,BTC-USD,11790.9169921875
1561507200000000000,BTC-USD,13016.2314453125
1561593600000000000,BTC-USD,11182.806640625
1561680000000000000,BTC-USD,12407.33203125
1561766400000000000,BTC-USD,11959.37109375
1561852800000000000,BTC-USD,10817.1552734375
1561939200000000000,BTC-USD,10583.134765625
1562025600000000000,BTC-USD,10801.677734375
1562112000000000000,BTC-USD,11961.26953125
1562198400000000000,BTC-USD,11215.4375
1562284800000000000,BTC-USD,10978.4599609375
1562371200000000000,BTC-USD,11208.55078125
1562457600000000000,BTC-USD,11450.8466796875
1562544000000000000,BTC-USD,12285.9580078125
1562630400000000000,BTC-USD,12573.8125
1562716800000000000,BTC-USD,12156.5126953125
1562803200000000000,BTC-USD,11358.662109375
1562889600000000000,BTC-USD,11815.986328125
1562976000000000000,BTC-USD,11392.37890625
1563062400000000000,BTC-USD,10256.05859375
1563148800000000000,BTC-USD,10895.08984375
1563235200000000000,BTC-USD,9477.6416015625
1563321600000000000,BTC-USD,9693.802734375
1563408000000000000,BTC-USD,10666.482421875
1563494400000000000,BTC-USD,10530.732421875
1563580800000000000,BTC-USD,10767.1396484375
1563667200000000000,BTC-USD,10599.10546875
1563753600000000000,BTC-USD,10343.1064453125
1563840000000000000,BTC-USD,9900.767578125
1563926400000000000,BTC-USD,9811.92578125
1564012800000000000,BTC-USD,9911.841796875
1564099200000000000,BTC-USD,9870.3037109375
1564185600000000000,BTC-USD,9477.677734375
1564272000000000000,BTC-USD,9552.8603515625
1564358400000000000,BTC-USD,9519.1455078125
1564444800000000000,BTC-USD,9607.423828125
1564531200000000000,BTC-USD,10085.6279296875
1564617600000000000,BTC-USD,10399.6689453125
1564704000000000000,BTC-USD,10518.1748046875
1564790400000000000,BTC-USD,10821.7265625
1564876800000000000,BTC-USD,10970.1845703125
1564963200000000000,BTC-USD,11805.6533203125
1565049600000000000,BTC-USD,11478.1689453125
1565136000000000000,BTC-USD,11941.96875
1565222400000000000,BTC-USD,11966.4072265625
1565308800000000000,BTC-USD,11862.9365234375
1565395200000000000,BTC-USD,11354.0244140625
1565481600000000000,BTC-USD,11523.5791015625
1565568000000000000,BTC-USD,11382.6162109375
1565654400000000000,BTC-USD,10895.830078125
1565740800000000000,BTC-USD,10051.7041015625
1565827200000000000,BTC-USD,10311.5458984375
1565913600000000000,BTC-USD,10374.3388671875
1566000000000000000,BTC-USD,10231.744140625
1566086400000000000,BTC-USD,10345.810546875
1566172800000000000,BTC-USD,10916.0537109375
1566259200000000000,BTC-USD,10763.232421875
1566345600000000000,BTC-USD,10138.0498046875
1566432000000000000,BTC-USD,10131.0556640625
1566518400000000000,BTC-USD,10407.96484375
1566604800000000000,BTC-USD,10159.9609375
1566691200000000000,BTC-USD,10138.517578125
1566777600000000000,BTC-USD,10370.8203125
1566864000000000000,BTC-USD,10185.5
1566950400000000000,BTC-USD,9754.4228515625
1567036800000000000,BTC-USD,9510.2001953125
1567123200000000000,BTC-USD,9598.173828125
1567209600000000000,BTC-USD,9630.6640625
1567296000000000000,BTC-USD,9757.970703125
1567468800000000000,BTC-USD,10623.5400390625
1567555200000000000,BTC-USD,10594.4931640625
1567641600000000000,BTC-USD,10575.533203125
1567728000000000000,BTC-USD,10353.302734375
1567814400000000000,BTC-USD,10517.2548828125
1567900800000000000,BTC-USD,10441.2763671875
1567987200000000000,BTC-USD,10334.974609375
1568073600000000000,BTC-USD,10115.9755859375
1568160000000000000,BTC-USD,10178.3720703125
1568246400000000000,BTC-USD,10410.126953125
1568332800000000000,BTC-USD,10360.546875
1568419200000000000,BTC-USD,10358.048828125
1568505600000000000,BTC-USD,10347.712890625
1568592000000000000,BTC-USD,10276.7939453125
1568678400000000000,BTC-USD,10241.2724609375
1568764800000000000,BTC-USD,10198.248046875
1568851200000000000,BTC-USD,10266.4150390625
1568937600000000000,BTC-USD,10181.6416015625
1569024000000000000,BTC-USD,10019.716796875
1569110400000000000,BTC-USD,10070.392578125
1569196800000000000,BTC-USD,9729.32421875
1569283200000000000,BTC-USD,8620.56640625
1569369600000000000,BTC-USD,8486.9931640625
1569456000000000000,BTC-USD,8118.9677734375
1569542400000000000,BTC-USD,8251.845703125
1569628800000000000,BTC-USD,8245.9150390625
1569715200000000000,BTC-USD,8104.185546875
1569801600000000000,BTC-USD,8293.8681640625
1569888000000000000,BTC-USD,8343.2763671875
1569974400000000000,BTC-USD,8393.0419921875
1570060800000000000,BTC-USD,8259.9921875
1570147200000000000,BTC-USD,8205.939453125
1570233600000000000,BTC-USD,8151.50048828125
1570320000000000000,BTC-USD,7988.15576171875
1570406400000000000,BTC-USD,8245.623046875
1570492800000000000,BTC-USD,8228.783203125
1570579200000000000,BTC-USD,8595.740234375
1570665600000000000,BTC-USD,8586.4736328125
1570752000000000000,BTC-USD,8321.7568359375
1570838400000000000,BTC-USD,8336.5556640625
1570924800000000000,BTC-USD,8321.005859375
1571011200000000000,BTC-USD,8374.6865234375
1571097600000000000,BTC-USD,8205.369140625
1571184000000000000,BTC-USD,8047.52685546875
1571270400000000000,BTC-USD,8103.9111328125
1571356800000000000,BTC-USD,7973.20751953125
1571443200000000000,BTC-USD,7988.560546875
1571529600000000000,BTC-USD,8222.078125
1571616000000000000,BTC-USD,8243.720703125
1571702400000000000,BTC-USD,8078.203125
1571788800000000000,BTC-USD,7514.671875
1571875200000000000,BTC-USD,7493.48876953125
1571961600000000000,BTC-USD,8660.7001953125
1572048000000000000,BTC-USD,9244.97265625
1572134400000000000,BTC-USD,9551.71484375
1572220800000000000,BTC-USD,9256.1484375
1572307200000000000,BTC-USD,9427.6875
1572393600000000000,BTC-USD,9205.7265625
1572480000000000000,BTC-USD,9199.5849609375
1572566400000000000,BTC-USD,9261.1044921875
1572652800000000000,BTC-USD,9324.7177734375
1572739200000000000,BTC-USD,9235.3544921875
1572825600000000000,BTC-USD,9412.6123046875
1572912000000000000,BTC-USD,9342.52734375
1572998400000000000,BTC-USD,9360.8798828125
1573084800000000000,BTC-USD,9267.5615234375
1573171200000000000,BTC-USD,8804.880859375
1573257600000000000,BTC-USD,8813.58203125
1573344000000000000,BTC-USD,9055.5263671875
1573430400000000000,BTC-USD,8757.7880859375
1573516800000000000,BTC-USD,8815.662109375
1573603200000000000,BTC-USD,8808.2626953125
1573689600000000000,BTC-USD,8708.0947265625
1573776000000000000,BTC-USD,8491.9921875
1573862400000000000,BTC-USD,8550.7607421875
1573948800000000000,BTC-USD,8577.9755859375
1574035200000000000,BTC-USD,8309.2861328125
1574121600000000000,BTC-USD,8206.1455078125
1574208000000000000,BTC-USD,8027.26806640625
1574294400000000000,BTC-USD,7642.75
1574380800000000000,BTC-USD,7296.57763671875
1574467200000000000,BTC-USD,7397.796875
1574553600000000000,BTC-USD,7047.9169921875
1574640000000000000,BTC-USD,7146.1337890625
1574726400000000000,BTC-USD,7218.37109375
1574812800000000000,BTC-USD,7531.66357421875
1574899200000000000,BTC-USD,7463.10595703125
1574985600000000000,BTC-USD,7761.24365234375
1575072000000000000,BTC-USD,7569.6298828125
1575158400000000000,BTC-USD,7424.29248046875
1575244800000000000,BTC-USD,7321.98828125
1575331200000000000,BTC-USD,7320.1455078125
1575417600000000000,BTC-USD,7252.03466796875
1575504000000000000,BTC-USD,7448.3076171875
1575590400000000000,BTC-USD,7546.99658203125
1575676800000000000,BTC-USD,7556.23779296875
1575763200000000000,BTC-USD,7564.34521484375
1575849600000000000,BTC-USD,7400.8994140625
1575936000000000000,BTC-USD,7278.11962890625
1576022400000000000,BTC-USD,7217.42724609375
1576108800000000000,BTC-USD,7243.13427734375
1576195200000000000,BTC-USD,7269.6845703125
1576281600000000000,BTC-USD,7124.673828125
1576368000000000000,BTC-USD,7152.3017578125
1576454400000000000,BTC-USD,6932.48046875
1576540800000000000,BTC-USD,6640.51513671875
1576627200000000000,BTC-USD,7276.802734375
1576713600000000000,BTC-USD,7202.84423828125
1576800000000000000,BTC-USD,7218.81640625
1576886400000000000,BTC-USD,7191.15869140625
1576972800000000000,BTC-USD,7511.5888671875
1577059200000000000,BTC-USD,7355.62841796875
1577145600000000000,BTC-USD,7322.5322265625
1577232000000000000,BTC-USD,7275.15576171875
1577318400000000000,BTC-USD,7238.966796875
1577404800000000000,BTC-USD,7290.08837890625
1577491200000000000,BTC-USD,7317.990234375
1577577600000000000,BTC-USD,7422.65283203125
1577664000000000000,BTC-USD,7292.9951171875
1577750400000000000,BTC-USD,7193.59912109375
1577836800000000000,BTC-USD,7200.17431640625
1577923200000000000,BTC-USD,6985.47021484375
1578009600000000000,BTC-USD,7344.88427734375
1578096000000000000,BTC-USD,7410.65673828125
1578182400000000000,BTC-USD,7411.3173828125
1578268800000000000,BTC-USD,7769.21923828125
1578355200000000000,BTC-USD,8163.6923828125
1578441600000000000,BTC-USD,8079.86279296875
1578528000000000000,BTC-USD,7879.0712890625
1578614400000000000,BTC-USD,8166.55419921875
1578700800000000000,BTC-USD,8037.53759765625
1578787200000000000,BTC-USD,8192.494140625
1578873600000000000,BTC-USD,8144.1943359375
1578960000000000000,BTC-USD,8827.7646484375
1579046400000000000,BTC-USD,8807.0107421875
1579132800000000000,BTC-USD,8723.7861328125
1579219200000000000,BTC-USD,8929.0380859375
1579305600000000000,BTC-USD,8942.80859375
1579392000000000000,BTC-USD,8706.2451171875
1579564800000000000,BTC-USD,8745.89453125
1579651200000000000,BTC-USD,8680.8759765625
1579737600000000000,BTC-USD,8406.515625
1579824000000000000,BTC-USD,8445.4345703125
1579910400000000000,BTC-USD,8367.84765625
1579996800000000000,BTC-USD,8596.830078125
1580083200000000000,BTC-USD,8909.8193359375
1580169600000000000,BTC-USD,9358.58984375
1580256000000000000,BTC-USD,9316.6298828125
1580342400000000000,BTC-USD,9508.9931640625
1580428800000000000,BTC-USD,9350.529296875
1580515200000000000,BTC-USD,9392.875
1580601600000000000,BTC-USD,9344.365234375
1580688000000000000,BTC-USD,9293.521484375
1580774400000000000,BTC-USD,9180.962890625
1580860800000000000,BTC-USD,9613.423828125
1580947200000000000,BTC-USD,9729.8017578125
1581033600000000000,BTC-USD,9795.943359375
1581120000000000000,BTC-USD,9865.119140625
1581206400000000000,BTC-USD,10116.673828125
1581292800000000000,BTC-USD,9856.611328125
1581379200000000000,BTC-USD,10208.236328125
1581465600000000000,BTC-USD,10326.0546875
1581552000000000000,BTC-USD,10214.3798828125
1581638400000000000,BTC-USD,10312.1162109375
1581724800000000000,BTC-USD,9889.4248046875
1581811200000000000,BTC-USD,9934.43359375
1581984000000000000,BTC-USD,10141.99609375
1582070400000000000,BTC-USD,9633.38671875
1582156800000000000,BTC-USD,9608.4755859375
1582243200000000000,BTC-USD,9686.44140625
1582329600000000000,BTC-USD,9663.181640625
1582416000000000000,BTC-USD,9924.515625
1582502400000000000,BTC-USD,9650.1748046875
1582588800000000000,BTC-USD,9341.705078125
1582675200000000000,BTC-USD,8820.5224609375
1582761600000000000,BTC-USD,8784.494140625
1582848000000000000,BTC-USD,8672.455078125
1582934400000000000,BTC-USD,8599.5087890625
1583020800000000000,BTC-USD,8562.4541015625
1583107200000000000,BTC-USD,8869.669921875
1583193600000000000,BTC-USD,8787.7861328125
1583280000000000000,BTC-USD,8755.24609375
1583366400000000000,BTC-USD,9078.7626953125
1583452800000000000,BTC-USD,9122.5458984375
1583539200000000000,BTC-USD,8909.9541015625
1583625600000000000,BTC-USD,8108.1162109375
1583712000000000000,BTC-USD,7923.64453125
1583798400000000000,BTC-USD,7909.7294921875
1583884800000000000,BTC-USD,7911.43017578125
1583971200000000000,BTC-USD,4970.7880859375
1584057600000000000,BTC-USD,5563.70703125
1584144000000000000,BTC-USD,5200.3662109375
1584230400000000000,BTC-USD,5392.31494140625
1584316800000000000,BTC-USD,5014.47998046875
1584403200000000000,BTC-USD,5225.62939453125
1584489600000000000,BTC-USD,5238.4384765625
1584576000000000000,BTC-USD,6191.19287109375
1584662400000000000,BTC-USD,6198.7783203125
1584748800000000000,BTC-USD,6185.06640625
1584835200000000000,BTC-USD,5830.2548828125
1584921600000000000,BTC-USD,6416.31494140625
1585008000000000000,BTC-USD,6734.8037109375
1585094400000000000,BTC-USD,6681.06298828125
1585180800000000000,BTC-USD,6716.4404296875
1585267200000000000,BTC-USD,6469.79833984375
1585353600000000000,BTC-USD,6242.19384765625
1585440000000000000,BTC-USD,5922.04296875
1585526400000000000,BTC-USD,6429.841796875
1585612800000000000,BTC-USD,6438.64453125
1585699200000000000,BTC-USD,6606.7763671875
1585785600000000000,BTC-USD,6793.62451171875
1585872000000000000,BTC-USD,6733.38720703125
1585958400000000000,BTC-USD,6867.52734375
1586044800000000000,BTC-USD,6791.12939453125
1586131200000000000,BTC-USD,7271.78125
1586217600000000000,BTC-USD,7176.41455078125
1586304000000000000,BTC-USD,7334.0986328125
1586390400000000000,BTC-USD,7302.08935546875
1586476800000000000,BTC-USD,6865.4931640625
1586563200000000000,BTC-USD,6859.0830078125
1586736000000000000,BTC-USD,6845.03759765625
1586822400000000000,BTC-USD,6842.427734375
1586908800000000000,BTC-USD,6642.10986328125
1586995200000000000,BTC-USD,7116.80419921875
1587081600000000000,BTC-USD,7096.1845703125
1587168000000000000,BTC-USD,7257.6650390625
1587254400000000000,BTC-USD,7189.4248046875
1587340800000000000,BTC-USD,6881.95849609375
1587427200000000000,BTC-USD,6880.3232421875
1587513600000000000,BTC-USD,7117.20751953125
1587600000000000000,BTC-USD,7429.724609375
1587686400000000000,BTC-USD,7550.90087890625
1587772800000000000,BTC-USD,7569.93603515625
1587859200000000000,BTC-USD,7679.8671875
1587945600000000000,BTC-USD,7795.60107421875
1588032000000000000,BTC-USD,7807.05859375
1588118400000000000,BTC-USD,8801.0380859375
1588204800000000000,BTC-USD,8658.5537109375
1588291200000000000,BTC-USD,8864.7666015625
1588377600000000000,BTC-USD,8988.5966796875
1588464000000000000,BTC-USD,8897.46875
1588550400000000000,BTC-USD,8912.654296875
1588636800000000000,BTC-USD,9003.0703125
1588723200000000000,BTC-USD,9268.76171875
1588809600000000000,BTC-USD,9951.5185546875
1588896000000000000,BTC-USD,9842.666015625
1588982400000000000,BTC-USD,9593.896484375
1589068800000000000,BTC-USD,8756.4306640625
1589155200000000000,BTC-USD,8601.7958984375
1589241600000000000,BTC-USD,8804.4775390625
1589328000000000000,BTC-USD,9269.9873046875
1589414400000000000,BTC-USD,9733.7216796875
1589500800000000000,BTC-USD,9328.197265625
1589587200000000000,BTC-USD,9377.013671875
1589673600000000000,BTC-USD,9670.7392578125
1589760000000000000,BTC-USD,9726.5751953125
1589846400000000000,BTC-USD,9729.0380859375
1589932800000000000,BTC-USD,9522.9814453125
1590019200000000000,BTC-USD,9081.76171875
1590105600000000000,BTC-USD,9182.5771484375
1590192000000000000,BTC-USD,9209.287109375
1590278400000000000,BTC-USD,8790.3681640625
1590451200000000000,BTC-USD,8835.052734375
1590537600000000000,BTC-USD,9181.017578125
1590624000000000000,BTC-USD,9525.7509765625
1590710400000000000,BTC-USD,9439.1240234375
1590796800000000000,BTC-USD,9700.4140625
1590883200000000000,BTC-USD,9461.05859375
1590969600000000000,BTC-USD,10167.2685546875
1591056000000000000,BTC-USD,9529.8037109375
1591142400000000000,BTC-USD,9656.7177734375
1591228800000000000,BTC-USD,9800.63671875
1591315200000000000,BTC-USD,9665.533203125
1591401600000000000,BTC-USD,9653.6796875
1591488000000000000,BTC-USD,9758.8525390625
1591574400000000000,BTC-USD,9771.4892578125
1591660800000000000,BTC-USD,9795.7001953125
1591747200000000000,BTC-USD,9870.0947265625
1591833600000000000,BTC-USD,9321.78125
1591920000000000000,BTC-USD,9480.84375
1592006400000000000,BTC-USD,9475.27734375
1592092800000000000,BTC-USD,9386.7880859375
1592179200000000000,BTC-USD,9450.7021484375
1592265600000000000,BTC-USD,9538.0244140625
1592352000000000000,BTC-USD,9480.2548828125
1592438400000000000,BTC-USD,9411.8408203125
1592524800000000000,BTC-USD,9288.0185546875
1592611200000000000,BTC-USD,9332.3408203125
1592697600000000000,BTC-USD,9303.6298828125
1592784000000000000,BTC-USD,9648.7177734375
1592870400000000000,BTC-USD,9629.658203125
1592956800000000000,BTC-USD,9313.6103515625
1593043200000000000,BTC-USD,9264.8134765625
1593129600000000000,BTC-USD,9162.91796875
1593216000000000000,BTC-USD,9045.390625
1593302400000000000,BTC-USD,9143.58203125
1593388800000000000,BTC-USD,9190.8544921875
1593475200000000000,BTC-USD,9137.9931640625
1593561600000000000,BTC-USD,9228.3251953125
1593648000000000000,BTC-USD,9123.41015625
1593734400000000000,BTC-USD,9087.3037109375
1593820800000000000,BTC-USD,9132.48828125
1593993600000000000,BTC-USD,9375.474609375
1594080000000000000,BTC-USD,9252.27734375
1594166400000000000,BTC-USD,9428.3330078125
1594252800000000000,BTC-USD,9277.9677734375
1594339200000000000,BTC-USD,9278.8076171875
1594425600000000000,BTC-USD,9240.3466796875
1594512000000000000,BTC-USD,9276.5
1594598400000000000,BTC-USD,9243.6142578125
1594684800000000000,BTC-USD,9243.2138671875
1594771200000000000,BTC-USD,9192.8369140625
1594857600000000000,BTC-USD,9132.2275390625
1594944000000000000,BTC-USD,9151.392578125
1595030400000000000,BTC-USD,9159.0400390625
1595116800000000000,BTC-USD,9185.8173828125
1595203200000000000,BTC-USD,9164.2314453125
1595289600000000000,BTC-USD,9374.8876953125
1595376000000000000,BTC-USD,9525.36328125
1595462400000000000,BTC-USD,9581.072265625
1595548800000000000,BTC-USD,9536.892578125
1595635200000000000,BTC-USD,9677.11328125
1595721600000000000,BTC-USD,9905.1669921875
1595808000000000000,BTC-USD,10990.873046875
1595894400000000000,BTC-USD,10912.8232421875
1595980800000000000,BTC-USD,11100.4677734375
1596067200000000000,BTC-USD,11111.2138671875
1596153600000000000,BTC-USD,11323.466796875
1596240000000000000,BTC-USD,11759.5927734375
1596326400000000000,BTC-USD,11053.6142578125
1596412800000000000,BTC-USD,11246.3486328125
1596499200000000000,BTC-USD,11205.892578125
1596585600000000000,BTC-USD,11747.0224609375
1596672000000000000,BTC-USD,11779.7734375
1596758400000000000,BTC-USD,11601.47265625
1596844800000000000,BTC-USD,11754.0458984375
1596931200000000000,BTC-USD,11675.7392578125
1597017600000000000,BTC-USD,11878.111328125
1597104000000000000,BTC-USD,11410.525390625
1597190400000000000,BTC-USD,11584.9345703125
1597276800000000000,BTC-USD,11784.1376953125
1597363200000000000,BTC-USD,11768.87109375
1597449600000000000,BTC-USD,11865.6982421875
1597536000000000000,BTC-USD,11892.8037109375
1597622400000000000,BTC-USD,12254.40234375
1597708800000000000,BTC-USD,11991.2333984375
1597795200000000000,BTC-USD,11758.283203125
1597881600000000000,BTC-USD,11878.3720703125
1597968000000000000,BTC-USD,11592.4892578125
1598054400000000000,BTC-USD,11681.8251953125
1598140800000000000,BTC-USD,11664.84765625
1598227200000000000,BTC-USD,11774.595703125
1598313600000000000,BTC-USD,11366.134765625
1598400000000000000,BTC-USD,11488.36328125
1598486400000000000,BTC-USD,11323.3974609375
1598572800000000000,BTC-USD,11542.5
1598659200000000000,BTC-USD,11506.865234375
1598745600000000000,BTC-USD,11711.505859375
1598832000000000000,BTC-USD,11680.8203125
1598918400000000000,BTC-USD,11970.478515625
1599004800000000000,BTC-USD,11414.0341796875
1599091200000000000,BTC-USD,10245.296875
1599177600000000000,BTC-USD,10511.8134765625
1599264000000000000,BTC-USD,10169.5673828125
1599350400000000000,BTC-USD,10280.3515625
1599523200000000000,BTC-USD,10131.5166015625
1599609600000000000,BTC-USD,10242.34765625
1599696000000000000,BTC-USD,10363.138671875
1599782400000000000,BTC-USD,10400.9150390625
1599868800000000000,BTC-USD,10442.1708984375
1599955200000000000,BTC-USD,10323.755859375
1600041600000000000,BTC-USD,10680.837890625
1600128000000000000,BTC-USD,10796.951171875
1600214400000000000,BTC-USD,10974.9052734375
1600300800000000000,BTC-USD,10948.990234375
1600387200000000000,BTC-USD,10944.5859375
1600473600000000000,BTC-USD,11094.3466796875
1600560000000000000,BTC-USD,10938.271484375
1600646400000000000,BTC-USD,10462.259765625
1600732800000000000,BTC-USD,10538.4599609375
1600819200000000000,BTC-USD,10246.1865234375
1600905600000000000,BTC-USD,10760.06640625
1600992000000000000,BTC-USD,10692.716796875
1601078400000000000,BTC-USD,10750.7236328125
1601164800000000000,BTC-USD,10775.26953125
1601251200000000000,BTC-USD,10709.65234375
1601337600000000000,BTC-USD,10844.640625
1601424000000000000,BTC-USD,10784.4912109375
1601510400000000000,BTC-USD,10619.4521484375
1601596800000000000,BTC-USD,10575.974609375
1601683200000000000,BTC-USD,10549.3291015625
1601769600000000000,BTC-USD,10669.5830078125
1601856000000000000,BTC-USD,10793.33984375
1601942400000000000,BTC-USD,10604.40625
1602028800000000000,BTC-USD,10668.96875
1602115200000000000,BTC-USD,10915.685546875
1602201600000000000,BTC-USD,11064.4580078125
1602288000000000000,BTC-USD,11296.361328125
1602374400000000000,BTC-USD,11384.181640625
1602460800000000000,BTC-USD,11555.36328125
1602547200000000000,BTC-USD,11425.8994140625
1602633600000000000,BTC-USD,11429.5068359375
1602720000000000000,BTC-USD,11495.349609375
1602806400000000000,BTC-USD,11322.123046875
1602892800000000000,BTC-USD,11358.1015625
1602979200000000000,BTC-USD,11483.359375
1603065600000000000,BTC-USD,11742.037109375
1603152000000000000,BTC-USD,11916.3349609375
1603238400000000000,BTC-USD,12823.689453125
1603324800000000000,BTC-USD,12965.8916015625
1603411200000000000,BTC-USD,12931.5390625
1603497600000000000,BTC-USD,13108.0625
1603584000000000000,BTC-USD,13031.173828125
1603670400000000000,BTC-USD,13075.248046875
1603756800000000000,BTC-USD,13654.21875
1603843200000000000,BTC-USD,13271.28515625
1603929600000000000,BTC-USD,13437.8828125
1604016000000000000,BTC-USD,13546.5224609375
1604102400000000000,BTC-USD,13780.9951171875
1604188800000000000,BTC-USD,13737.109375
1604275200000000000,BTC-USD,13550.4892578125
1604361600000000000,BTC-USD,13950.30078125
1604448000000000000,BTC-USD,14133.70703125
1604534400000000000,BTC-USD,15579.8486328125
1604620800000000000,BTC-USD,15565.880859375
1604707200000000000,BTC-USD,14833.75390625
1604793600000000000,BTC-USD,15479.5673828125
1604880000000000000,BTC-USD,15332.3154296875
1604966400000000000,BTC-USD,15290.90234375
1605052800000000000,BTC-USD,15701.33984375
1605139200000000000,BTC-USD,16276.34375
1605225600000000000,BTC-USD,16317.80859375
1605312000000000000,BTC-USD,16068.138671875
1605398400000000000,BTC-USD,15955.587890625
1605484800000000000,BTC-USD,16716.111328125
1605571200000000000,BTC-USD,17645.40625
1605657600000000000,BTC-USD,17804.005859375
1605744000000000000,BTC-USD,17817.08984375
1605830400000000000,BTC-USD,18621.314453125
1605916800000000000,BTC-USD,18642.232421875
1606003200000000000,BTC-USD,18370.001953125
1606089600000000000,BTC-USD,18364.12109375
1606176000000000000,BTC-USD,19107.46484375
1606262400000000000,BTC-USD,18732.12109375
1606348800000000000,BTC-USD,17150.623046875
1606435200000000000,BTC-USD,17108.40234375
1606521600000000000,BTC-USD,17717.4140625
1606608000000000000,BTC-USD,18177.484375
1606694400000000000,BTC-USD,19625.8359375
1606780800000000000,BTC-USD,18802.998046875
1606867200000000000,BTC-USD,19201.091796875
1606953600000000000,BTC-USD,19445.3984375
1607040000000000000,BTC-USD,18699.765625
1607126400000000000,BTC-USD,19154.23046875
1607212800000000000,BTC-USD,19345.12109375
1607299200000000000,BTC-USD,19191.630859375
1607385600000000000,BTC-USD,18321.14453125
1607472000000000000,BTC-USD,18553.916015625
1607558400000000000,BTC-USD,18264.9921875
1607644800000000000,BTC-USD,18058.904296875
1607731200000000000,BTC-USD,18803.65625
1607817600000000000,BTC-USD,19142.3828125
1607904000000000000,BTC-USD,19246.64453125
1607990400000000000,BTC-USD,19417.076171875
1608076800000000000,BTC-USD,21310.59765625
1608163200000000000,BTC-USD,22805.162109375
1608249600000000000,BTC-USD,23137.9609375
1608336000000000000,BTC-USD,23869.83203125
1608422400000000000,BTC-USD,23477.294921875
1608508800000000000,BTC-USD,22803.08203125
1608595200000000000,BTC-USD,23783.029296875
1608681600000000000,BTC-USD,23241.345703125
1608768000000000000,BTC-USD,23735.94921875
1608854400000000000,BTC-USD,24664.791015625
1608940800000000000,BTC-USD,26437.037109375
1609113600000000000,BTC-USD,27084.80859375
1609200000000000000,BTC-USD,27362.4375
1609286400000000000,BTC-USD,28840.953125
1609372800000000000,BTC-USD,29001.720703125
1609459200000000000,BTC-USD,29374.15234375
1609545600000000000,BTC-USD,32127.267578125
1609718400000000000,BTC-USD,31971.9140625
1609804800000000000,BTC-USD,33992.4296875
1609891200000000000,BTC-USD,36824.36328125
1609977600000000000,BTC-USD,39371.04296875
1610064000000000000,BTC-USD,40797.609375
1610150400000000000,BTC-USD,40254.546875
1610236800000000000,BTC-USD,38356.44140625
1610323200000000000,BTC-USD,35566.65625
1610409600000000000,BTC-USD,33922.9609375
1610496000000000000,BTC-USD,37316.359375
1610582400000000000,BTC-USD,39187.328125
1610668800000000000,BTC-USD,36825.3671875
1610755200000000000,BTC-USD,36178.140625
1610841600000000000,BTC-USD,35791.27734375
1611014400000000000,BTC-USD,36069.8046875
1611100800000000000,BTC-USD,35547.75
1611187200000000000,BTC-USD,30825.69921875
1611273600000000000,BTC-USD,33005.76171875
1611360000000000000,BTC-USD,32067.642578125
1611446400000000000,BTC-USD,32289.37890625
1611532800000000000,BTC-USD,32366.392578125
1611619200000000000,BTC-USD,32569.849609375
1611705600000000000,BTC-USD,30432.546875
1611792000000000000,BTC-USD,33466.09765625
1611878400000000000,BTC-USD,34316.38671875
1611964800000000000,BTC-USD,34269.5234375
1612051200000000000,BTC-USD,33114.359375
1612137600000000000,BTC-USD,33537.17578125
1612224000000000000,BTC-USD,35510.2890625
1612310400000000000,BTC-USD,37472.08984375
1612396800000000000,BTC-USD,36926.06640625
1612483200000000000,BTC-USD,38144.30859375
1612569600000000000,BTC-USD,39266.01171875
1612656000000000000,BTC-USD,38903.44140625
1612742400000000000,BTC-USD,46196.46484375
1612828800000000000,BTC-USD,46481.10546875
1612915200000000000,BTC-USD,44918.18359375
1613001600000000000,BTC-USD,47909.33203125
1613088000000000000,BTC-USD,47504.8515625
1613174400000000000,BTC-USD,47105.515625
1613260800000000000,BTC-USD,48717.2890625
1613433600000000000,BTC-USD,49199.87109375
1613520000000000000,BTC-USD,52149.0078125
1613606400000000000,BTC-USD,51679.796875
1613692800000000000,BTC-USD,55888.1328125
1613779200000000000,BTC-USD,56099.51953125
1613865600000000000,BTC-USD,57539.9453125
1613952000000000000,BTC-USD,54207.3203125
1614038400000000000,BTC-USD,48824.42578125
1614124800000000000,BTC-USD,49705.33203125
1614211200000000000,BTC-USD,47093.8515625
1614297600000000000,BTC-USD,46339.76171875
1614384000000000000,BTC-USD,46188.453125
1614470400000000000,BTC-USD,45137.76953125
1614556800000000000,BTC-USD,49631.2421875
1614643200000000000,BTC-USD,48378.98828125
1614729600000000000,BTC-USD,50538.2421875
1614816000000000000,BTC-USD,48561.16796875
1614902400000000000,BTC-USD,48927.3046875
1614988800000000000,BTC-USD,48912.3828125
1615075200000000000,BTC-USD,51206.69140625
1615161600000000000,BTC-USD,52246.5234375
1615248000000000000,BTC-USD,54824.1171875
1615334400000000000,BTC-USD,56008.55078125
1615420800000000000,BTC-USD,57805.12109375
1615507200000000000,BTC-USD,57332.08984375
1615593600000000000,BTC-USD,61243.0859375
1615680000000000000,BTC-USD,59302.31640625
1615766400000000000,BTC-USD,55907.19921875
1615852800000000000,BTC-USD,56804.90234375
1615939200000000000,BTC-USD,58870.89453125
1616025600000000000,BTC-USD,57858.921875
1616112000000000000,BTC-USD,58346.65234375
1616198400000000000,BTC-USD,58313.64453125
1616284800000000000,BTC-USD,57523.421875
1616371200000000000,BTC-USD,54529.14453125
1616457600000000000,BTC-USD,54738.9453125
1616544000000000000,BTC-USD,52774.265625
1616630400000000000,BTC-USD,51704.16015625
1616716800000000000,BTC-USD,55137.3125
1616803200000000000,BTC-USD,55973.51171875
1616889600000000000,BTC-USD,55950.74609375
1616976000000000000,BTC-USD,57750.19921875
1617062400000000000,BTC-USD,58917.69140625
1617148800000000000,BTC-USD,58918.83203125
1617235200000000000,BTC-USD,59095.80859375
1617321600000000000,BTC-USD,59384.3125
1617408000000000000,BTC-USD,57603.890625
1617580800000000000,BTC-USD,59057.87890625
1617667200000000000,BTC-USD,58192.359375
1617753600000000000,BTC-USD,56048.9375
1617840000000000000,BTC-USD,58323.953125
1617926400000000000,BTC-USD,58245.00390625
1618012800000000000,BTC-USD,59793.234375
1618099200000000000,BTC-USD,60204.96484375
1618185600000000000,BTC-USD,59893.453125
1618272000000000000,BTC-USD,63503.45703125
1618358400000000000,BTC-USD,63109.6953125
1618444800000000000,BTC-USD,63314.01171875
1618531200000000000,BTC-USD,61572.7890625
1618617600000000000,BTC-USD,60683.8203125
1618704000000000000,BTC-USD,56216.18359375
1618790400000000000,BTC-USD,55724.265625
1618876800000000000,BTC-USD,56473.03125
1618963200000000000,BTC-USD,53906.08984375
1619049600000000000,BTC-USD,51762.2734375
1619136000000000000,BTC-USD,51093.65234375
1619222400000000000,BTC-USD,50050.8671875
1619308800000000000,BTC-USD,49004.25390625
1619395200000000000,BTC-USD,54021.75390625
1619481600000000000,BTC-USD,55033.1171875
1619568000000000000,BTC-USD,54824.703125
1619654400000000000,BTC-USD,53555.109375
1619740800000000000,BTC-USD,57750.17578125
1619827200000000000,BTC-USD,57828.05078125
1619913600000000000,BTC-USD,56631.078125
1620000000000000000,BTC-USD,57200.29296875
1620086400000000000,BTC-USD,53333.5390625
1620172800000000000,BTC-USD,57424.0078125
1620259200000000000,BTC-USD,56396.515625
1620345600000000000,BTC-USD,57356.40234375
1620432000000000000,BTC-USD,58803.77734375
1620518400000000000,BTC-USD,58232.31640625
1620604800000000000,BTC-USD,55859.796875
1620691200000000000,BTC-USD,56704.57421875
1620777600000000000,BTC-USD,49150.53515625
1620864000000000000,BTC-USD,49716.19140625
1620950400000000000,BTC-USD,49880.53515625
1621036800000000000,BTC-USD,46760.1875
1621123200000000000,BTC-USD,46456.05859375
1621209600000000000,BTC-USD,43537.51171875
1621296000000000000,BTC-USD,42909.40234375
1621382400000000000,BTC-USD,37002.44140625
1621468800000000000,BTC-USD,40782.73828125
1621555200000000000,BTC-USD,37304.69140625
1621641600000000000,BTC-USD,37536.6328125
1621728000000000000,BTC-USD,34770.58203125
1621814400000000000,BTC-USD,38705.98046875
1621900800000000000,BTC-USD,38402.22265625
1621987200000000000,BTC-USD,39294.19921875
1622073600000000000,BTC-USD,38436.96875
1622160000000000000,BTC-USD,35697.60546875
1622246400000000000,BTC-USD,34616.06640625
1622332800000000000,BTC-USD,35678.12890625
1622505600000000000,BTC-USD,36684.92578125
1622592000000000000,BTC-USD,37575.1796875
1622678400000000000,BTC-USD,39208.765625
1622764800000000000,BTC-USD,36894.40625
1622851200000000000,BTC-USD,35551.95703125
1622937600000000000,BTC-USD,35862.37890625
1623024000000000000,BTC-USD,33560.70703125
1623110400000000000,BTC-USD,33472.6328125
1623196800000000000,BTC-USD,37345.12109375
1623283200000000000,BTC-USD,36702.59765625
1623369600000000000,BTC-USD,37334.3984375
1623456000000000000,BTC-USD,35552.515625
1623542400000000000,BTC-USD,39097.859375
1623628800000000000,BTC-USD,40218.4765625
1623715200000000000,BTC-USD,40406.26953125
1623801600000000000,BTC-USD,38347.0625
1623888000000000000,BTC-USD,38053.50390625
1623974400000000000,BTC-USD,35787.24609375
1624060800000000000,BTC-USD,35615.87109375
1624147200000000000,BTC-USD,35698.296875
1624233600000000000,BTC-USD,31676.693359375
1624320000000000000,BTC-USD,32505.66015625
1624406400000000000,BTC-USD,33723.02734375
1624492800000000000,BTC-USD,34662.4375
1624579200000000000,BTC-USD,31637.779296875
1624665600000000000,BTC-USD,32186.27734375
1624752000000000000,BTC-USD,34649.64453125
1624838400000000000,BTC-USD,34434.3359375
1624924800000000000,BTC-USD,35867.77734375
1625011200000000000,BTC-USD,35040.8359375
1625097600000000000,BTC-USD,33572.1171875
1625184000000000000,BTC-USD,33897.046875
1625270400000000000,BTC-USD,34668.546875
1625356800000000000,BTC-USD,35287.78125
1625529600000000000,BTC-USD,34235.1953125
1625616000000000000,BTC-USD,33855.328125
1625702400000000000,BTC-USD,32877.37109375
1625788800000000000,BTC-USD,33798.01171875
1625875200000000000,BTC-USD,33520.51953125
1625961600000000000,BTC-USD,34240.1875
1626048000000000000,BTC-USD,33155.84765625
1626134400000000000,BTC-USD,32702.025390625
1626220800000000000,BTC-USD,32822.34765625
1626307200000000000,BTC-USD,31780.73046875
1626393600000000000,BTC-USD,31421.5390625
1626480000000000000,BTC-USD,31533.068359375
1626566400000000000,BTC-USD,31796.810546875
1626652800000000000,BTC-USD,30817.83203125
1626739200000000000,BTC-USD,29807.34765625
1626825600000000000,BTC-USD,32110.693359375
1626912000000000000,BTC-USD,32313.10546875
1626998400000000000,BTC-USD,33581.55078125
1627084800000000000,BTC-USD,34292.4453125
1627171200000000000,BTC-USD,35350.1875
1627257600000000000,BTC-USD,37337.53515625
1627344000000000000,BTC-USD,39406.94140625
1627430400000000000,BTC-USD,39995.90625
1627516800000000000,BTC-USD,40008.421875
1627603200000000000,BTC-USD,42235.546875
1627689600000000000,BTC-USD,41626.1953125
1627776000000000000,BTC-USD,39974.89453125
1627862400000000000,BTC-USD,39201.9453125
1627948800000000000,BTC-USD,38152.98046875
1628035200000000000,BTC-USD,39747.50390625
1628121600000000000,BTC-USD,40869.5546875
1628208000000000000,BTC-USD,42816.5
1628294400000000000,BTC-USD,44555.80078125
1628380800000000000,BTC-USD,43798.1171875
1628467200000000000,BTC-USD,46365.40234375
1628553600000000000,BTC-USD,45585.03125
1628640000000000000,BTC-USD,45593.63671875
1628726400000000000,BTC-USD,44428.2890625
1628812800000000000,BTC-USD,47793.3203125
1628899200000000000,BTC-USD,47096.9453125
1628985600000000000,BTC-USD,47047.00390625
1629072000000000000,BTC-USD,46004.484375
1629158400000000000,BTC-USD,44695.359375
1629244800000000000,BTC-USD,44801.1875
1629331200000000000,BTC-USD,46717.578125
1629417600000000000,BTC-USD,49339.17578125
1629504000000000000,BTC-USD,48905.4921875
1629590400000000000,BTC-USD,49321.65234375
1629676800000000000,BTC-USD,49546.1484375
1629763200000000000,BTC-USD,47706.1171875
1629849600000000000,BTC-USD,48960.7890625
1629936000000000000,BTC-USD,46942.21875
1630022400000000000,BTC-USD,49058.66796875
1630108800000000000,BTC-USD,48902.40234375
1630195200000000000,BTC-USD,48829.83203125
1630281600000000000,BTC-USD,47054.984375
1630368000000000000,BTC-USD,47166.6875
1630454400000000000,BTC-USD,48847.02734375
1630540800000000000,BTC-USD,49327.72265625
1630627200000000000,BTC-USD,50025.375
1630713600000000000,BTC-USD,49944.625
1630800000000000000,BTC-USD,51753.41015625
1630972800000000000,BTC-USD,46811.12890625
1631059200000000000,BTC-USD,46091.390625
1631145600000000000,BTC-USD,46391.421875
1631232000000000000,BTC-USD,44883.91015625
1631318400000000000,BTC-USD,45201.45703125
1631404800000000000,BTC-USD,46063.26953125
1631491200000000000,BTC-USD,44963.07421875
1631577600000000000,BTC-USD,47092.4921875
1631664000000000000,BTC-USD,48176.34765625
1631750400000000000,BTC-USD,47783.359375
1631836800000000000,BTC-USD,47267.51953125
1631923200000000000,BTC-USD,48278.36328125
1632009600000000000,BTC-USD,47260.21875
1632096000000000000,BTC-USD,42843.80078125
1632182400000000000,BTC-USD,40693.67578125
1632268800000000000,BTC-USD,43574.5078125
1632355200000000000,BTC-USD,44895.09765625
1632441600000000000,BTC-USD,42839.75
1632528000000000000,BTC-USD,42716.59375
1632614400000000000,BTC-USD,43208.5390625
1632700800000000000,BTC-USD,42235.73046875
1632787200000000000,BTC-USD,41034.54296875
1632873600000000000,BTC-USD,41564.36328125
1632960000000000000,BTC-USD,43790.89453125
1633046400000000000,BTC-USD,48116.94140625
1633132800000000000,BTC-USD,47711.48828125
1633219200000000000,BTC-USD,48199.953125
1633305600000000000,BTC-USD,49112.90234375
1633392000000000000,BTC-USD,51514.8125
1633478400000000000,BTC-USD,55361.44921875
1633564800000000000,BTC-USD,53805.984375
1633651200000000000,BTC-USD,53967.84765625
1633737600000000000,BTC-USD,54968.22265625
1633824000000000000,BTC-USD,54771.578125
1633910400000000000,BTC-USD,57484.7890625
1633996800000000000,BTC-USD,56041.05859375
1634083200000000000,BTC-USD,57401.09765625
1634169600000000000,BTC-USD,57321.5234375
1634256000000000000,BTC-USD,61593.94921875
1634342400000000000,BTC-USD,60892.1796875
1634428800000000000,BTC-USD,61553.6171875
1634515200000000000,BTC-USD,62026.078125
1634601600000000000,BTC-USD,64261.9921875
1634688000000000000,BTC-USD,65992.8359375
1634774400000000000,BTC-USD,62210.171875
1634860800000000000,BTC-USD,60692.265625
1634947200000000000,BTC-USD,61393.6171875
1635033600000000000,BTC-USD,60930.8359375
1635120000000000000,BTC-USD,63039.82421875
1635206400000000000,BTC-USD,60363.79296875
1635292800000000000,BTC-USD,58482.38671875
1635379200000000000,BTC-USD,60622.13671875
1635465600000000000,BTC-USD,62227.96484375
1635552000000000000,BTC-USD,61888.83203125
1635638400000000000,BTC-USD,61318.95703125
1635724800000000000,BTC-USD,61004.40625
1635811200000000000,BTC-USD,63226.40234375
1635897600000000000,BTC-USD,62970.046875
1635984000000000000,BTC-USD,61452.23046875
1636070400000000000,BTC-USD,61125.67578125
1636156800000000000,BTC-USD,61527.48046875
1636243200000000000,BTC-USD,63326.98828125
1636329600000000000,BTC-USD,67566.828125
1636416000000000000,BTC-USD,66971.828125
1636502400000000000,BTC-USD,64995.23046875
1636588800000000000,BTC-USD,64949.9609375
1636675200000000000,BTC-USD,64155.94140625
1636761600000000000,BTC-USD,64469.52734375
1636848000000000000,BTC-USD,65466.83984375
1636934400000000000,BTC-USD,63557.87109375
1637020800000000000,BTC-USD,60161.24609375
1637107200000000000,BTC-USD,60368.01171875
1637193600000000000,BTC-USD,56942.13671875
1637280000000000000,BTC-USD,58119.578125
1637366400000000000,BTC-USD,59697.1953125
1637452800000000000,BTC-USD,58730.4765625
1637539200000000000,BTC-USD,56289.2890625
1637625600000000000,BTC-USD,57569.07421875
1637712000000000000,BTC-USD,56280.42578125
1637798400000000000,BTC-USD,57274.6796875
1637884800000000000,BTC-USD,53569.765625
1637971200000000000,BTC-USD,54815.078125
1638057600000000000,BTC-USD,57248.45703125
1638144000000000000,BTC-USD,57806.56640625
1638230400000000000,BTC-USD,57005.42578125
1638316800000000000,BTC-USD,57229.828125
1638403200000000000,BTC-USD,56477.81640625
1638489600000000000,BTC-USD,53598.24609375
1638576000000000000,BTC-USD,49200.703125
1638662400000000000,BTC-USD,49368.84765625
1638748800000000000,BTC-USD,50582.625
1638835200000000000,BTC-USD,50700.0859375
1638921600000000000,BTC-USD,50504.796875
1639008000000000000,BTC-USD,47672.12109375
1639094400000000000,BTC-USD,47243.3046875
1639180800000000000,BTC-USD,49362.5078125
1639267200000000000,BTC-USD,50098.3359375
1639353600000000000,BTC-USD,46737.48046875
1639440000000000000,BTC-USD,46612.6328125
1639526400000000000,BTC-USD,48896.72265625
1639612800000000000,BTC-USD,47665.42578125
1639699200000000000,BTC-USD,46202.14453125
1639785600000000000,BTC-USD,46848.77734375
1639872000000000000,BTC-USD,46707.015625
1639958400000000000,BTC-USD,46880.27734375
1640044800000000000,BTC-USD,48936.61328125
1640131200000000000,BTC-USD,48628.51171875
1640217600000000000,BTC-USD,50784.5390625
1640304000000000000,BTC-USD,50822.1953125
1640390400000000000,BTC-USD,50429.859375
1640563200000000000,BTC-USD,50640.41796875
1640649600000000000,BTC-USD,47588.85546875
1640736000000000000,BTC-USD,46444.7109375
1640822400000000000,BTC-USD,47178.125
1640908800000000000,BTC-USD,46306.4453125
1640995200000000000,BTC-USD,47686.8125
1641081600000000000,BTC-USD,47345.21875
1641168000000000000,BTC-USD,46458.1171875
1641254400000000000,BTC-USD,45897.57421875
1641340800000000000,BTC-USD,43569.00390625
1641427200000000000,BTC-USD,43160.9296875
1641513600000000000,BTC-USD,41557.90234375
1641600000000000000,BTC-USD,41733.94140625
1641686400000000000,BTC-USD,41911.6015625
1641772800000000000,BTC-USD,41821.26171875
1641859200000000000,BTC-USD,42735.85546875
1641945600000000000,BTC-USD,43949.1015625
1642032000000000000,BTC-USD,42591.5703125
1642118400000000000,BTC-USD,43099.69921875
1642204800000000000,BTC-USD,43177.3984375
1642291200000000000,BTC-USD,43113.87890625
1642464000000000000,BTC-USD,42375.6328125
1642550400000000000,BTC-USD,41744.328125
1642636800000000000,BTC-USD,40680.41796875
1642723200000000000,BTC-USD,36457.31640625
1642809600000000000,BTC-USD,35030.25
1642896000000000000,BTC-USD,36276.8046875
1642982400000000000,BTC-USD,36654.328125
1643068800000000000,BTC-USD,36954.00390625
1643155200000000000,BTC-USD,36852.12109375
1643241600000000000,BTC-USD,37138.234375
1643328000000000000,BTC-USD,37784.33203125
1643414400000000000,BTC-USD,38138.1796875
1643500800000000000,BTC-USD,37917.6015625
1643587200000000000,BTC-USD,38483.125
1643673600000000000,BTC-USD,38743.2734375
1643760000000000000,BTC-USD,36952.984375
1643846400000000000,BTC-USD,37154.6015625
1643932800000000000,BTC-USD,41500.875
1644019200000000000,BTC-USD,41441.1640625
1644105600000000000,BTC-USD,42412.43359375
1644192000000000000,BTC-USD,43840.28515625
1644278400000000000,BTC-USD,44118.4453125
1644364800000000000,BTC-USD,44338.796875
1644451200000000000,BTC-USD,43565.11328125
1644537600000000000,BTC-USD,42407.9375
1644624000000000000,BTC-USD,42244.46875
1644710400000000000,BTC-USD,42197.515625
1644796800000000000,BTC-USD,42586.91796875
1644883200000000000,BTC-USD,44575.203125
1644969600000000000,BTC-USD,43961.859375
1645056000000000000,BTC-USD,40538.01171875
1645142400000000000,BTC-USD,40030.9765625
1645228800000000000,BTC-USD,40122.15625
1645315200000000000,BTC-USD,38431.37890625
1645488000000000000,BTC-USD,38286.02734375
1645574400000000000,BTC-USD,37296.5703125
1645660800000000000,BTC-USD,38332.609375
1645747200000000000,BTC-USD,39214.21875
1645833600000000000,BTC-USD,39105.1484375
1645920000000000000,BTC-USD,37709.78515625
1646006400000000000,BTC-USD,43193.234375
1646092800000000000,BTC-USD,44354.63671875
1646179200000000000,BTC-USD,43924.1171875
1646265600000000000,BTC-USD,42451.7890625
1646352000000000000,BTC-USD,39137.60546875
1646438400000000000,BTC-USD,39400.5859375
1646524800000000000,BTC-USD,38419.984375
1646611200000000000,BTC-USD,38062.0390625
1646697600000000000,BTC-USD,38737.26953125
1646784000000000000,BTC-USD,41982.92578125
1646870400000000000,BTC-USD,39437.4609375
1646956800000000000,BTC-USD,38794.97265625
1647043200000000000,BTC-USD,38904.01171875
1647129600000000000,BTC-USD,37849.6640625
1647216000000000000,BTC-USD,39666.75390625
1647302400000000000,BTC-USD,39338.78515625
1647388800000000000,BTC-USD,41143.9296875
1647475200000000000,BTC-USD,40951.37890625
1647561600000000000,BTC-USD,41801.15625
1647648000000000000,BTC-USD,42190.65234375
1647734400000000000,BTC-USD,41247.82421875
1647820800000000000,BTC-USD,41077.99609375
1647907200000000000,BTC-USD,42358.80859375
1647993600000000000,BTC-USD,42892.95703125
1648080000000000000,BTC-USD,43960.93359375
1648166400000000000,BTC-USD,44348.73046875
1648252800000000000,BTC-USD,44500.828125
1648339200000000000,BTC-USD,46820.4921875
1648425600000000000,BTC-USD,47128.00390625
1648512000000000000,BTC-USD,47465.73046875
1648598400000000000,BTC-USD,47062.6640625
1648684800000000000,BTC-USD,45538.67578125
1648771200000000000,BTC-USD,46281.64453125
1648857600000000000,BTC-USD,45868.94921875
1648944000000000000,BTC-USD,46453.56640625
1649030400000000000,BTC-USD,46622.67578125
1649116800000000000,BTC-USD,45555.9921875
1649203200000000000,BTC-USD,43206.73828125
1649289600000000000,BTC-USD,43503.84765625
1649376000000000000,BTC-USD,42287.6640625
1649462400000000000,BTC-USD,42782.13671875
1649548800000000000,BTC-USD,42207.671875
1649635200000000000,BTC-USD,39521.90234375
1649721600000000000,BTC-USD,40127.18359375
1649808000000000000,BTC-USD,41166.73046875
1649894400000000000,BTC-USD,39935.515625
1649980800000000000,BTC-USD,40553.46484375
1650067200000000000,BTC-USD,40424.484375
1650240000000000000,BTC-USD,40826.21484375
1650326400000000000,BTC-USD,41502.75
1650412800000000000,BTC-USD,41374.37890625
1650499200000000000,BTC-USD,40527.36328125
1650585600000000000,BTC-USD,39740.3203125
1650672000000000000,BTC-USD,39486.73046875
1650758400000000000,BTC-USD,39469.29296875
1650844800000000000,BTC-USD,40458.30859375
1650931200000000000,BTC-USD,38117.4609375
1651017600000000000,BTC-USD,39241.12109375
1651104000000000000,BTC-USD,39773.828125
1651190400000000000,BTC-USD,38609.82421875
1651276800000000000,BTC-USD,37714.875
1651363200000000000,BTC-USD,38469.09375
1651449600000000000,BTC-USD,38529.328125
1651536000000000000,BTC-USD,37750.453125
1651622400000000000,BTC-USD,39698.37109375
1651708800000000000,BTC-USD,36575.140625
1651795200000000000,BTC-USD,36040.921875
1651881600000000000,BTC-USD,35501.953125
1651968000000000000,BTC-USD,34059.265625
1652054400000000000,BTC-USD,30296.953125
1652140800000000000,BTC-USD,31022.90625
1652227200000000000,BTC-USD,28936.35546875
1652313600000000000,BTC-USD,29047.751953125
1652400000000000000,BTC-USD,29283.103515625
1652486400000000000,BTC-USD,30101.265625
1652572800000000000,BTC-USD,31305.11328125
1652659200000000000,BTC-USD,29862.91796875
1652745600000000000,BTC-USD,30425.857421875
1652832000000000000,BTC-USD,28720.271484375
1652918400000000000,BTC-USD,30314.333984375
1653004800000000000,BTC-USD,29200.740234375
1653091200000000000,BTC-USD,29432.2265625
1653177600000000000,BTC-USD,30323.72265625
1653264000000000000,BTC-USD,29098.91015625
1653350400000000000,BTC-USD,29655.5859375
1653436800000000000,BTC-USD,29562.361328125
1653523200000000000,BTC-USD,29267.224609375
1653609600000000000,BTC-USD,28627.57421875
1653696000000000000,BTC-USD,28814.900390625
1653782400000000000,BTC-USD,29445.95703125
1653955200000000000,BTC-USD,31792.310546875
1654041600000000000,BTC-USD,29799.080078125
1654128000000000000,BTC-USD,30467.48828125
1654214400000000000,BTC-USD,29704.390625
1654300800000000000,BTC-USD,29832.9140625
1654387200000000000,BTC-USD,29906.662109375
1654473600000000000,BTC-USD,31370.671875
1654560000000000000,BTC-USD,31155.478515625
1654646400000000000,BTC-USD,30214.35546875
1654732800000000000,BTC-USD,30111.998046875
1654819200000000000,BTC-USD,29083.8046875
1654905600000000000,BTC-USD,28360.810546875
1654992000000000000,BTC-USD,26762.6484375
1655078400000000000,BTC-USD,22487.388671875
1655164800000000000,BTC-USD,22206.79296875
1655251200000000000,BTC-USD,22572.83984375
1655337600000000000,BTC-USD,20381.650390625
1655424000000000000,BTC-USD,20471.482421875
1655510400000000000,BTC-USD,19017.642578125
1655596800000000000,BTC-USD,20553.271484375
1655769600000000000,BTC-USD,20710.59765625
1655856000000000000,BTC-USD,19987.029296875
1655942400000000000,BTC-USD,21085.876953125
1656028800000000000,BTC-USD,21231.65625
1656115200000000000,BTC-USD,21502.337890625
1656201600000000000,BTC-USD,21027.294921875
1656288000000000000,BTC-USD,20735.478515625
1656374400000000000,BTC-USD,20280.634765625
1656460800000000000,BTC-USD,20104.0234375
1656547200000000000,BTC-USD,19784.7265625
1656633600000000000,BTC-USD,19269.3671875
1656720000000000000,BTC-USD,19242.255859375
1656806400000000000,BTC-USD,19297.076171875
1656979200000000000,BTC-USD,20190.115234375
1657065600000000000,BTC-USD,20548.24609375
1657152000000000000,BTC-USD,21637.587890625
1657238400000000000,BTC-USD,21731.1171875
1657324800000000000,BTC-USD,21592.20703125
1657411200000000000,BTC-USD,20860.44921875
1657497600000000000,BTC-USD,19970.556640625
1657584000000000000,BTC-USD,19323.9140625
1657670400000000000,BTC-USD,20212.07421875
1657756800000000000,BTC-USD,20569.919921875
1657843200000000000,BTC-USD,20836.328125
1657929600000000000,BTC-USD,21190.31640625
1658016000000000000,BTC-USD,20779.34375
1658102400000000000,BTC-USD,22485.689453125
1658188800000000000,BTC-USD,23389.43359375
1658275200000000000,BTC-USD,23231.732421875
1658361600000000000,BTC-USD,23164.62890625
1658448000000000000,BTC-USD,22714.978515625
1658534400000000000,BTC-USD,22465.478515625
1658620800000000000,BTC-USD,22609.1640625
1658707200000000000,BTC-USD,21361.701171875
1658793600000000000,BTC-USD,21239.75390625
1658880000000000000,BTC-USD,22930.548828125
1658966400000000000,BTC-USD,23843.88671875
1659052800000000000,BTC-USD,23804.6328125
1659139200000000000,BTC-USD,23656.20703125
1659225600000000000,BTC-USD,23336.896484375
1659312000000000000,BTC-USD,23314.19921875
1659398400000000000,BTC-USD,22978.1171875
1659484800000000000,BTC-USD,22846.5078125
1659571200000000000,BTC-USD,22630.95703125
1659657600000000000,BTC-USD,23289.314453125
1659744000000000000,BTC-USD,22961.279296875
1659830400000000000,BTC-USD,23175.890625
1659916800000000000,BTC-USD,23809.486328125
1660003200000000000,BTC-USD,23164.318359375
1660089600000000000,BTC-USD,23947.642578125
1660176000000000000,BTC-USD,23957.529296875
1660262400000000000,BTC-USD,24402.818359375
1660348800000000000,BTC-USD,24424.068359375
1660435200000000000,BTC-USD,24319.333984375
1660521600000000000,BTC-USD,24136.97265625
1660608000000000000,BTC-USD,23883.291015625
1660694400000000000,BTC-USD,23335.998046875
1660780800000000000,BTC-USD,23212.73828125
1660867200000000000,BTC-USD,20877.552734375
1660953600000000000,BTC-USD,21166.060546875
1661040000000000000,BTC-USD,21534.12109375
1661126400000000000,BTC-USD,21398.908203125
1661212800000000000,BTC-USD,21528.087890625
1661299200000000000,BTC-USD,21395.01953125
1661385600000000000,BTC-USD,21600.904296875
1661472000000000000,BTC-USD,20260.01953125
1661558400000000000,BTC-USD,20041.73828125
1661644800000000000,BTC-USD,19616.814453125
1661731200000000000,BTC-USD,20297.994140625
1661817600000000000,BTC-USD,19796.80859375
1661904000000000000,BTC-USD,20049.763671875
1661990400000000000,BTC-USD,20127.140625
1662076800000000000,BTC-USD,19969.771484375
1662163200000000000,BTC-USD,19832.087890625
1662249600000000000,BTC-USD,19986.712890625
1662422400000000000,BTC-USD,18837.66796875
1662508800000000000,BTC-USD,19290.32421875
1662595200000000000,BTC-USD,19329.833984375
1662681600000000000,BTC-USD,21381.15234375
1662768000000000000,BTC-USD,21680.5390625
1662854400000000000,BTC-USD,21769.255859375
1662940800000000000,BTC-USD,22370.44921875
1663027200000000000,BTC-USD,20296.70703125
1663113600000000000,BTC-USD,20241.08984375
1663200000000000000,BTC-USD,19701.2109375
1663286400000000000,BTC-USD,19772.583984375
1663372800000000000,BTC-USD,20127.576171875
1663459200000000000,BTC-USD,19419.505859375
1663545600000000000,BTC-USD,19544.12890625
1663632000000000000,BTC-USD,18890.7890625
1663718400000000000,BTC-USD,18547.400390625
1663804800000000000,BTC-USD,19413.55078125
1663891200000000000,BTC-USD,19297.638671875
1663977600000000000,BTC-USD,18937.01171875
1664064000000000000,BTC-USD,18802.09765625
1664150400000000000,BTC-USD,19222.671875
1664236800000000000,BTC-USD,19110.546875
1664323200000000000,BTC-USD,19426.720703125
1664409600000000000,BTC-USD,19573.05078125
1664496000000000000,BTC-USD,19431.7890625
1664582400000000000,BTC-USD,19312.095703125
1664668800000000000,BTC-USD,19044.107421875
1664755200000000000,BTC-USD,19623.580078125
1664841600000000000,BTC-USD,20336.84375
1664928000000000000,BTC-USD,20160.716796875
1665014400000000000,BTC-USD,19955.443359375
1665100800000000000,BTC-USD,19546.849609375
1665187200000000000,BTC-USD,19416.568359375
1665273600000000000,BTC-USD,19446.42578125
1665360000000000000,BTC-USD,19141.484375
1665446400000000000,BTC-USD,19051.41796875
1665532800000000000,BTC-USD,19157.4453125
1665619200000000000,BTC-USD,19382.904296875
1665705600000000000,BTC-USD,19185.65625
1665792000000000000,BTC-USD,19067.634765625
1665878400000000000,BTC-USD,19268.09375
1665964800000000000,BTC-USD,19550.7578125
1666051200000000000,BTC-USD,19334.416015625
1666137600000000000,BTC-USD,19139.53515625
1666224000000000000,BTC-USD,19053.740234375
1666310400000000000,BTC-USD,19172.46875
1666396800000000000,BTC-USD,19208.189453125
1666483200000000000,BTC-USD,19567.0078125
1666569600000000000,BTC-USD,19345.572265625
1666656000000000000,BTC-USD,20095.857421875
1666742400000000000,BTC-USD,20770.44140625
1666828800000000000,BTC-USD,20285.8359375
1666915200000000000,BTC-USD,20595.3515625
1667001600000000000,BTC-USD,20818.4765625
1667088000000000000,BTC-USD,20635.603515625
1667174400000000000,BTC-USD,20495.7734375
1667260800000000000,BTC-USD,20485.2734375
1667347200000000000,BTC-USD,20159.50390625
1667433600000000000,BTC-USD,20209.98828125
1667520000000000000,BTC-USD,21147.23046875
1667606400000000000,BTC-USD,21282.69140625
1667692800000000000,BTC-USD,20926.486328125
1667779200000000000,BTC-USD,20602.81640625
1667865600000000000,BTC-USD,18541.271484375
1667952000000000000,BTC-USD,15880.7802734375
1668038400000000000,BTC-USD,17586.771484375
1668124800000000000,BTC-USD,17034.29296875
1668211200000000000,BTC-USD,16799.185546875
1668297600000000000,BTC-USD,16353.365234375
1668384000000000000,BTC-USD,16618.19921875
1668470400000000000,BTC-USD,16884.61328125
1668556800000000000,BTC-USD,16669.439453125
1668643200000000000,BTC-USD,16687.517578125
1668729600000000000,BTC-USD,16697.77734375
1668816000000000000,BTC-USD,16711.546875
1668902400000000000,BTC-USD,16291.83203125
1668988800000000000,BTC-USD,15787.2841796875
1669075200000000000,BTC-USD,16189.76953125
1669161600000000000,BTC-USD,16610.70703125
1669248000000000000,BTC-USD,16604.46484375
1669334400000000000,BTC-USD,16521.841796875
1669420800000000000,BTC-USD,16464.28125
1669507200000000000,BTC-USD,16444.626953125
1669593600000000000,BTC-USD,16217.322265625
1669680000000000000,BTC-USD,16444.982421875
1669766400000000000,BTC-USD,17168.56640625
1669852800000000000,BTC-USD,16967.1328125
1669939200000000000,BTC-USD,17088.66015625
1670025600000000000,BTC-USD,16908.236328125
1670112000000000000,BTC-USD,17130.486328125
1670198400000000000,BTC-USD,16974.826171875
1670284800000000000,BTC-USD,17089.50390625
1670371200000000000,BTC-USD,16848.126953125
1670457600000000000,BTC-USD,17233.474609375
1670544000000000000,BTC-USD,17133.15234375
1670630400000000000,BTC-USD,17128.724609375
1670716800000000000,BTC-USD,17104.193359375
1670803200000000000,BTC-USD,17206.4375
1670889600000000000,BTC-USD,17781.318359375
1670976000000000000,BTC-USD,17815.650390625
1671062400000000000,BTC-USD,17364.865234375
1671148800000000000,BTC-USD,16647.484375
1671235200000000000,BTC-USD,16795.091796875
1671321600000000000,BTC-USD,16757.9765625
1671408000000000000,BTC-USD,16439.6796875
1671494400000000000,BTC-USD,16906.3046875
1671580800000000000,BTC-USD,16817.53515625
1671667200000000000,BTC-USD,16830.341796875
1671753600000000000,BTC-USD,16796.953125
1671840000000000000,BTC-USD,16847.755859375
1671926400000000000,BTC-USD,16841.986328125
1672099200000000000,BTC-USD,16717.173828125
1672185600000000000,BTC-USD,16552.572265625
1672272000000000000,BTC-USD,16642.341796875
1672358400000000000,BTC-USD,16602.5859375
1672444800000000000,BTC-USD,16547.49609375
1672531200000000000,BTC-USD,16625.080078125
1672704000000000000,BTC-USD,16679.857421875
1672790400000000000,BTC-USD,16863.23828125
1672876800000000000,BTC-USD,16836.736328125
1672963200000000000,BTC-USD,16951.96875
1673049600000000000,BTC-USD,16955.078125
1673136000000000000,BTC-USD,17091.14453125
1673222400000000000,BTC-USD,17196.5546875
1673308800000000000,BTC-USD,17446.29296875
1673395200000000000,BTC-USD,17934.896484375
1673481600000000000,BTC-USD,18869.587890625
1673568000000000000,BTC-USD,19909.57421875
1673654400000000000,BTC-USD,20976.298828125
1673740800000000000,BTC-USD,20880.798828125
1673913600000000000,BTC-USD,21161.51953125
1674000000000000000,BTC-USD,20688.78125
1674086400000000000,BTC-USD,21086.79296875
1674172800000000000,BTC-USD,22676.552734375
1674259200000000000,BTC-USD,22777.625
1674345600000000000,BTC-USD,22720.416015625
1674432000000000000,BTC-USD,22934.431640625
1674518400000000000,BTC-USD,22636.46875
1674604800000000000,BTC-USD,23117.859375
1674691200000000000,BTC-USD,23032.77734375
1674777600000000000,BTC-USD,23078.728515625
1674864000000000000,BTC-USD,23031.08984375
1674950400000000000,BTC-USD,23774.56640625
1675036800000000000,BTC-USD,22840.138671875
1675123200000000000,BTC-USD,23139.283203125
1675209600000000000,BTC-USD,23723.76953125
1675296000000000000,BTC-USD,23471.87109375
1675382400000000000,BTC-USD,23449.322265625
1675468800000000000,BTC-USD,23331.84765625
1675555200000000000,BTC-USD,22955.666015625
1675641600000000000,BTC-USD,22760.109375
1675728000000000000,BTC-USD,23264.291015625
1675814400000000000,BTC-USD,22939.3984375
1675900800000000000,BTC-USD,21819.0390625
1675987200000000000,BTC-USD,21651.18359375
1676073600000000000,BTC-USD,21870.875
1676160000000000000,BTC-USD,21788.203125
1676246400000000000,BTC-USD,21808.1015625
1676332800000000000,BTC-USD,22220.8046875
1676419200000000000,BTC-USD,24307.841796875
1676505600000000000,BTC-USD,23623.474609375
1676592000000000000,BTC-USD,24565.6015625
1676678400000000000,BTC-USD,24641.27734375
1676764800000000000,BTC-USD,24327.642578125
1676937600000000000,BTC-USD,24436.353515625
1677024000000000000,BTC-USD,24188.84375
1677110400000000000,BTC-USD,23947.4921875
1677196800000000000,BTC-USD,23198.126953125
1677283200000000000,BTC-USD,23175.375
1677369600000000000,BTC-USD,23561.212890625
1677456000000000000,BTC-USD,23522.87109375
1677542400000000000,BTC-USD,23147.353515625
1677628800000000000,BTC-USD,23646.55078125
1677715200000000000,BTC-USD,23475.466796875
1677801600000000000,BTC-USD,22362.6796875
1677888000000000000,BTC-USD,22353.349609375
1677974400000000000,BTC-USD,22435.513671875
1678060800000000000,BTC-USD,22429.7578125
1678147200000000000,BTC-USD,22219.76953125
1678233600000000000,BTC-USD,21718.080078125
1678320000000000000,BTC-USD,20363.021484375
1678406400000000000,BTC-USD,20187.244140625
1678492800000000000,BTC-USD,20632.41015625
1678579200000000000,BTC-USD,22163.94921875
1678665600000000000,BTC-USD,24197.533203125
1678752000000000000,BTC-USD,24746.07421875
1678838400000000000,BTC-USD,24375.9609375
1678924800000000000,BTC-USD,25052.7890625
1679011200000000000,BTC-USD,27423.9296875
1679097600000000000,BTC-USD,26965.87890625
1679184000000000000,BTC-USD,28038.67578125
1679270400000000000,BTC-USD,27767.236328125
1679356800000000000,BTC-USD,28175.81640625
1679443200000000000,BTC-USD,27307.4375
1679529600000000000,BTC-USD,28333.97265625
1679616000000000000,BTC-USD,27493.28515625
1679702400000000000,BTC-USD,27494.70703125
1679788800000000000,BTC-USD,27994.330078125
1679875200000000000,BTC-USD,27139.888671875
1679961600000000000,BTC-USD,27268.130859375
1680048000000000000,BTC-USD,28348.44140625
1680134400000000000,BTC-USD,28033.5625
1680220800000000000,BTC-USD,28478.484375
1680307200000000000,BTC-USD,28411.03515625
1680393600000000000,BTC-USD,28199.30859375
1680480000000000000,BTC-USD,27790.220703125
1680566400000000000,BTC-USD,28168.08984375
1680652800000000000,BTC-USD,28177.984375
1680739200000000000,BTC-USD,28044.140625
1680825600000000000,BTC-USD,27925.859375
1680912000000000000,BTC-USD,27947.794921875
1681084800000000000,BTC-USD,29652.98046875
1681171200000000000,BTC-USD,30235.05859375
1681257600000000000,BTC-USD,30139.052734375
1681344000000000000,BTC-USD,30399.06640625
1681430400000000000,BTC-USD,30485.69921875
1681516800000000000,BTC-USD,30318.49609375
1681603200000000000,BTC-USD,30315.35546875
1681689600000000000,BTC-USD,29445.044921875
1681776000000000000,BTC-USD,30397.552734375
1681862400000000000,BTC-USD,28822.6796875
1681948800000000000,BTC-USD,28245.98828125
1682035200000000000,BTC-USD,27276.91015625
1682121600000000000,BTC-USD,27817.5
1682208000000000000,BTC-USD,27591.384765625
1682294400000000000,BTC-USD,27525.33984375
1682380800000000000,BTC-USD,28307.59765625
1682467200000000000,BTC-USD,28422.701171875
1682553600000000000,BTC-USD,29473.787109375
1682640000000000000,BTC-USD,29340.26171875
1682726400000000000,BTC-USD,29248.48828125
